大,a46a,43,jinwen,金文,acs/a46a/a46a-jinwen_0.gif,大,a46a,43,jinwen,金文,acs/a46a/a46a-jinwen_1.gif,大,a46a,43,jinwen,金文,acs/a46a/a46a-jinwen_2.gif,大,a46a,43,jinwen,金文,acs/a46a/a46a-jinwen_3.gif,大,a46a,43,jinwen,金文,acs/a46a/a46a-jinwen_4.gif,大,a46a,43,jinwen,金文,acs/a46a/a46a-jinwen_5.gif,大,a46a,43,jinwen,金文,acs/a46a/a46a-jinwen_6.gif,大,a46a,43,jinwen,金文,acs/a46a/a46a-jinwen_7.gif,大,a46a,43,jinwen,金文,acs/a46a/a46a-jinwen_8.gif,大,a46a,43,jinwen,金文,acs/a46a/a46a-jinwen_9.gif,大,a46a,43,jinwen,金文,acs/a46a/a46a-jinwen_10.gif,大,a46a,43,jinwen,金文,acs/a46a/a46a-jinwen_11.gif,大,a46a,43,jinwen,金文,acs/a46a/a46a-jinwen_12.gif,大,a46a,43,jinwen,金文,acs/a46a/a46a-jinwen_13.gif,大,a46a,43,jinwen,金文,acs/a46a/a46a-jinwen_14.gif,大,a46a,43,jinwen,金文,acs/a46a/a46a-jinwen_15.gif,大,a46a,43,jinwen,金文,acs/a46a/a46a-jinwen_16.gif,大,a46a,43,jinwen,金文,acs/a46a/a46a-jinwen_17.gif,大,a46a,43,jinwen,金文,acs/a46a/a46a-jinwen_18.gif,大,a46a,43,jinwen,金文,acs/a46a/a46a-jinwen_19.gif,大,a46a,43,jinwen,金文,acs/a46a/a46a-jinwen_20.gif,大,a46a,43,jinwen,金文,acs/a46a/a46a-jinwen_21.gif,大,a46a,43,jinwen,金文,acs/a46a/a46a-jinwen_22.gif,大,a46a,43,jinwen,金文,acs/a46a/a46a-jinwen_23.gif,大,a46a,43,jinwen,金文,acs/a46a/a46a-jinwen_24.gif,大,a46a,43,jinwen,金文,acs/a46a/a46a-jinwen_25.gif,大,a46a,43,jinwen,金文,acs/a46a/a46a-jinwen_26.gif,大,a46a,43,jinwen,金文,acs/a46a/a46a-jinwen_27.gif,大,a46a,43,jinwen,金文,acs/a46a/a46a-jinwen_28.gif,大,a46a,43,jinwen,金文,acs/a46a/a46a-jinwen_29.gif,大,a46a,43,jinwen,金文,acs/a46a/a46a-jinwen_30.gif,大,a46a,43,jinwen,金文,acs/a46a/a46a-jinwen_31.gif,大,a46a,43,jinwen,金文,acs/a46a/a46a-jinwen_32.gif,大,a46a,43,jinwen,金文,acs/a46a/a46a-jinwen_33.gif,大,a46a,43,jinwen,金文,acs/a46a/a46a-jinwen_34.gif,大,a46a,43,jinwen,金文,acs/a46a/a46a-jinwen_35.gif,大,a46a,43,jinwen,金文,acs/a46a/a46a-jinwen_36.gif,大,a46a,43,jinwen,金文,acs/a46a/a46a-jinwen_37.gif,大,a46a,43,jinwen,金文,acs/a46a/a46a-jinwen_38.gif,大,a46a,43,jinwen,金文,acs/a46a/a46a-jinwen_39.gif,大,a46a,43,jinwen,金文,acs/a46a/a46a-jinwen_40.gif,大,a46a,43,jinwen,金文,acs/a46a/a46a-jinwen_41.gif,大,a46a,43,jinwen,金文,acs/a46a/a46a-jinwen_42.gif,大,a46a,43,jinwen,金文,acs/a46a/a46a-jinwen_43.gif,大,a46a,43,jinwen,金文,acs/a46a/a46a-jinwen_44.gif,大,a46a,43,jinwen,金文,acs/a46a/a46a-jinwen_45.gif,大,a46a,43,jinwen,金文,acs/a46a/a46a-jinwen_46.gif,大,a46a,43,jinwen,金文,acs/a46a/a46a-jinwen_47.gif,大,a46a,43,jinwen,金文,acs/a46a/a46a-jinwen_48.gif,
小,a470,49,jinwen,金文,acs/a470/a470-jinwen_0.gif,小,a470,49,jinwen,金文,acs/a470/a470-jinwen_1.gif,小,a470,49,jinwen,金文,acs/a470/a470-jinwen_2.gif,小,a470,49,jinwen,金文,acs/a470/a470-jinwen_3.gif,小,a470,49,jinwen,金文,acs/a470/a470-jinwen_4.gif,小,a470,49,jinwen,金文,acs/a470/a470-jinwen_5.gif,小,a470,49,jinwen,金文,acs/a470/a470-jinwen_6.gif,小,a470,49,jinwen,金文,acs/a470/a470-jinwen_7.gif,小,a470,49,jinwen,金文,acs/a470/a470-jinwen_8.gif,小,a470,49,jinwen,金文,acs/a470/a470-jinwen_9.gif,小,a470,49,jinwen,金文,acs/a470/a470-jinwen_10.gif,小,a470,49,jinwen,金文,acs/a470/a470-jinwen_11.gif,小,a470,49,jinwen,金文,acs/a470/a470-jinwen_12.gif,小,a470,49,jinwen,金文,acs/a470/a470-jinwen_13.gif,小,a470,49,jinwen,金文,acs/a470/a470-jinwen_14.gif,小,a470,49,jinwen,金文,acs/a470/a470-jinwen_15.gif,小,a470,49,jinwen,金文,acs/a470/a470-jinwen_16.gif,小,a470,49,jinwen,金文,acs/a470/a470-jinwen_17.gif,小,a470,49,jinwen,金文,acs/a470/a470-jinwen_18.gif,小,a470,49,jinwen,金文,acs/a470/a470-jinwen_19.gif,小,a470,49,jinwen,金文,acs/a470/a470-jinwen_20.gif,小,a470,49,jinwen,金文,acs/a470/a470-jinwen_21.gif,小,a470,49,jinwen,金文,acs/a470/a470-jinwen_22.gif,小,a470,49,jinwen,金文,acs/a470/a470-jinwen_23.gif,小,a470,49,jinwen,金文,acs/a470/a470-jinwen_24.gif,小,a470,49,jinwen,金文,acs/a470/a470-jinwen_25.gif,小,a470,49,jinwen,金文,acs/a470/a470-jinwen_26.gif,小,a470,49,jinwen,金文,acs/a470/a470-jinwen_27.gif,小,a470,49,jinwen,金文,acs/a470/a470-jinwen_28.gif,小,a470,49,jinwen,金文,acs/a470/a470-jinwen_29.gif,小,a470,49,jinwen,金文,acs/a470/a470-jinwen_30.gif,小,a470,49,jinwen,金文,acs/a470/a470-jinwen_31.gif,小,a470,49,jinwen,金文,acs/a470/a470-jinwen_32.gif,小,a470,49,jinwen,金文,acs/a470/a470-jinwen_33.gif,小,a470,49,jinwen,金文,acs/a470/a470-jinwen_34.gif,小,a470,49,jinwen,金文,acs/a470/a470-jinwen_35.gif,小,a470,49,jinwen,金文,acs/a470/a470-jinwen_36.gif,小,a470,49,jinwen,金文,acs/a470/a470-jinwen_37.gif,小,a470,49,jinwen,金文,acs/a470/a470-jinwen_38.gif,小,a470,49,jinwen,金文,acs/a470/a470-jinwen_39.gif,小,a470,49,jinwen,金文,acs/a470/a470-jinwen_40.gif,小,a470,49,jinwen,金文,acs/a470/a470-jinwen_41.gif,小,a470,49,jinwen,金文,acs/a470/a470-jinwen_42.gif,小,a470,49,jinwen,金文,acs/a470/a470-jinwen_43.gif,小,a470,49,jinwen,金文,acs/a470/a470-jinwen_44.gif,小,a470,49,jinwen,金文,acs/a470/a470-jinwen_45.gif,小,a470,49,jinwen,金文,acs/a470/a470-jinwen_46.gif,小,a470,49,jinwen,金文,acs/a470/a470-jinwen_47.gif,小,a470,49,jinwen,金文,acs/a470/a470-jinwen_48.gif,小,a470,49,jinwen,金文,acs/a470/a470-jinwen_49.gif,小,a470,49,jinwen,金文,acs/a470/a470-jinwen_50.gif,小,a470,49,jinwen,金文,acs/a470/a470-jinwen_51.gif,小,a470,49,jinwen,金文,acs/a470/a470-jinwen_52.gif,小,a470,49,jinwen,金文,acs/a470/a470-jinwen_53.gif,小,a470,49,jinwen,金文,acs/a470/a470-jinwen_54.gif,小,a470,49,jinwen,金文,acs/a470/a470-jinwen_55.gif,小,a470,49,jinwen,金文,acs/a470/a470-jinwen_56.gif,小,a470,49,jinwen,金文,acs/a470/a470-jinwen_57.gif,小,a470,49,jinwen,金文,acs/a470/a470-jinwen_58.gif,小,a470,49,jinwen,金文,acs/a470/a470-jinwen_59.gif,小,a470,49,jinwen,金文,acs/a470/a470-jinwen_60.gif,小,a470,49,jinwen,金文,acs/a470/a470-jinwen_61.gif,小,a470,49,jinwen,金文,acs/a470/a470-jinwen_62.gif,小,a470,49,jinwen,金文,acs/a470/a470-jinwen_63.gif,小,a470,49,jinwen,金文,acs/a470/a470-jinwen_64.gif,小,a470,49,jinwen,金文,acs/a470/a470-jinwen_65.gif,小,a470,49,jinwen,金文,acs/a470/a470-jinwen_66.gif,小,a470,49,jinwen,金文,acs/a470/a470-jinwen_67.gif,小,a470,49,jinwen,金文,acs/a470/a470-jinwen_68.gif,
大,a46a,43,chuxi,楚系文字,acs/a46a/a46a-chuxi_0.gif,大,a46a,43,chuxi,楚系文字,acs/a46a/a46a-chuxi_1.gif,大,a46a,43,chuxi,楚系文字,acs/a46a/a46a-chuxi_2.gif,大,a46a,43,chuxi,楚系文字,acs/a46a/a46a-chuxi_3.gif,大,a46a,43,chuxi,楚系文字,acs/a46a/a46a-chuxi_4.gif,大,a46a,43,chuxi,楚系文字,acs/a46a/a46a-chuxi_5.gif,大,a46a,43,chuxi,楚系文字,acs/a46a/a46a-chuxi_6.gif,大,a46a,43,chuxi,楚系文字,acs/a46a/a46a-chuxi_7.gif,大,a46a,43,chuxi,楚系文字,acs/a46a/a46a-chuxi_8.gif,大,a46a,43,chuxi,楚系文字,acs/a46a/a46a-chuxi_9.gif,大,a46a,43,chuxi,楚系文字,acs/a46a/a46a-chuxi_10.gif,大,a46a,43,chuxi,楚系文字,acs/a46a/a46a-chuxi_11.gif,大,a46a,43,chuxi,楚系文字,acs/a46a/a46a-chuxi_12.gif,大,a46a,43,chuxi,楚系文字,acs/a46a/a46a-chuxi_13.gif,大,a46a,43,chuxi,楚系文字,acs/a46a/a46a-chuxi_14.gif,大,a46a,43,chuxi,楚系文字,acs/a46a/a46a-chuxi_15.gif,大,a46a,43,chuxi,楚系文字,acs/a46a/a46a-chuxi_16.gif,大,a46a,43,chuxi,楚系文字,acs/a46a/a46a-chuxi_17.gif,大,a46a,43,chuxi,楚系文字,acs/a46a/a46a-chuxi_18.gif,大,a46a,43,chuxi,楚系文字,acs/a46a/a46a-chuxi_19.gif,大,a46a,43,chuxi,楚系文字,acs/a46a/a46a-chuxi_20.gif,大,a46a,43,chuxi,楚系文字,acs/a46a/a46a-chuxi_21.gif,大,a46a,43,chuxi,楚系文字,acs/a46a/a46a-chuxi_22.gif,大,a46a,43,chuxi,楚系文字,acs/a46a/a46a-chuxi_23.gif,大,a46a,43,chuxi,楚系文字,acs/a46a/a46a-chuxi_24.gif,大,a46a,43,chuxi,楚系文字,acs/a46a/a46a-chuxi_25.gif,大,a46a,43,chuxi,楚系文字,acs/a46a/a46a-chuxi_26.gif,大,a46a,43,chuxi,楚系文字,acs/a46a/a46a-chuxi_27.gif,大,a46a,43,chuxi,楚系文字,acs/a46a/a46a-chuxi_28.gif,大,a46a,43,chuxi,楚系文字,acs/a46a/a46a-chuxi_29.gif,大,a46a,43,chuxi,楚系文字,acs/a46a/a46a-chuxi_30.gif,大,a46a,43,chuxi,楚系文字,acs/a46a/a46a-chuxi_31.gif,大,a46a,43,chuxi,楚系文字,acs/a46a/a46a-chuxi_32.gif,大,a46a,43,chuxi,楚系文字,acs/a46a/a46a-chuxi_33.gif,大,a46a,43,chuxi,楚系文字,acs/a46a/a46a-chuxi_34.gif,大,a46a,43,chuxi,楚系文字,acs/a46a/a46a-chuxi_35.gif,大,a46a,43,chuxi,楚系文字,acs/a46a/a46a-chuxi_36.gif,大,a46a,43,chuxi,楚系文字,acs/a46a/a46a-chuxi_37.gif,大,a46a,43,chuxi,楚系文字,acs/a46a/a46a-chuxi_38.gif,大,a46a,43,chuxi,楚系文字,acs/a46a/a46a-chuxi_39.gif,大,a46a,43,chuxi,楚系文字,acs/a46a/a46a-chuxi_40.gif,大,a46a,43,chuxi,楚系文字,acs/a46a/a46a-chuxi_41.gif,大,a46a,43,chuxi,楚系文字,acs/a46a/a46a-chuxi_42.gif,大,a46a,43,chuxi,楚系文字,acs/a46a/a46a-chuxi_43.gif,大,a46a,43,chuxi,楚系文字,acs/a46a/a46a-chuxi_44.gif,大,a46a,43,chuxi,楚系文字,acs/a46a/a46a-chuxi_45.gif,大,a46a,43,chuxi,楚系文字,acs/a46a/a46a-chuxi_46.gif,大,a46a,43,chuxi,楚系文字,acs/a46a/a46a-chuxi_47.gif,大,a46a,43,chuxi,楚系文字,acs/a46a/a46a-chuxi_48.gif,大,a46a,43,chuxi,楚系文字,acs/a46a/a46a-chuxi_49.gif,大,a46a,43,chuxi,楚系文字,acs/a46a/a46a-chuxi_50.gif,大,a46a,43,chuxi,楚系文字,acs/a46a/a46a-chuxi_51.gif,大,a46a,43,chuxi,楚系文字,acs/a46a/a46a-chuxi_52.gif,大,a46a,43,chuxi,楚系文字,acs/a46a/a46a-chuxi_53.gif,大,a46a,43,chuxi,楚系文字,acs/a46a/a46a-chuxi_54.gif,大,a46a,43,chuxi,楚系文字,acs/a46a/a46a-chuxi_55.gif,大,a46a,43,chuxi,楚系文字,acs/a46a/a46a-chuxi_56.gif,大,a46a,43,chuxi,楚系文字,acs/a46a/a46a-chuxi_57.gif,大,a46a,43,chuxi,楚系文字,acs/a46a/a46a-chuxi_58.gif,大,a46a,43,chuxi,楚系文字,acs/a46a/a46a-chuxi_59.gif,大,a46a,43,chuxi,楚系文字,acs/a46a/a46a-chuxi_60.gif,大,a46a,43,chuxi,楚系文字,acs/a46a/a46a-chuxi_61.gif,大,a46a,43,chuxi,楚系文字,acs/a46a/a46a-chuxi_62.gif,大,a46a,43,chuxi,楚系文字,acs/a46a/a46a-chuxi_63.gif,大,a46a,43,chuxi,楚系文字,acs/a46a/a46a-chuxi_64.gif,大,a46a,43,chuxi,楚系文字,acs/a46a/a46a-chuxi_65.gif,大,a46a,43,chuxi,楚系文字,acs/a46a/a46a-chuxi_66.gif,大,a46a,43,chuxi,楚系文字,acs/a46a/a46a-chuxi_67.gif,大,a46a,43,chuxi,楚系文字,acs/a46a/a46a-chuxi_68.gif,大,a46a,43,chuxi,楚系文字,acs/a46a/a46a-chuxi_69.gif,大,a46a,43,chuxi,楚系文字,acs/a46a/a46a-chuxi_70.gif,大,a46a,43,chuxi,楚系文字,acs/a46a/a46a-chuxi_71.gif,大,a46a,43,chuxi,楚系文字,acs/a46a/a46a-chuxi_72.gif,大,a46a,43,chuxi,楚系文字,acs/a46a/a46a-chuxi_73.gif,大,a46a,43,chuxi,楚系文字,acs/a46a/a46a-chuxi_74.gif,大,a46a,43,chuxi,楚系文字,acs/a46a/a46a-chuxi_75.gif,大,a46a,43,chuxi,楚系文字,acs/a46a/a46a-chuxi_76.gif,大,a46a,43,chuxi,楚系文字,acs/a46a/a46a-chuxi_77.gif,大,a46a,43,chuxi,楚系文字,acs/a46a/a46a-chuxi_78.gif,大,a46a,43,chuxi,楚系文字,acs/a46a/a46a-chuxi_79.gif,大,a46a,43,chuxi,楚系文字,acs/a46a/a46a-chuxi_80.gif,大,a46a,43,chuxi,楚系文字,acs/a46a/a46a-chuxi_81.gif,大,a46a,43,chuxi,楚系文字,acs/a46a/a46a-chuxi_82.gif,大,a46a,43,chuxi,楚系文字,acs/a46a/a46a-chuxi_83.gif,大,a46a,43,chuxi,楚系文字,acs/a46a/a46a-chuxi_84.gif,大,a46a,43,chuxi,楚系文字,acs/a46a/a46a-chuxi_85.gif,大,a46a,43,chuxi,楚系文字,acs/a46a/a46a-chuxi_86.gif,大,a46a,43,chuxi,楚系文字,acs/a46a/a46a-chuxi_87.gif,大,a46a,43,chuxi,楚系文字,acs/a46a/a46a-chuxi_88.gif,大,a46a,43,chuxi,楚系文字,acs/a46a/a46a-chuxi_89.gif,大,a46a,43,chuxi,楚系文字,acs/a46a/a46a-chuxi_90.gif,大,a46a,43,chuxi,楚系文字,acs/a46a/a46a-chuxi_91.gif,大,a46a,43,chuxi,楚系文字,acs/a46a/a46a-chuxi_92.gif,大,a46a,43,chuxi,楚系文字,acs/a46a/a46a-chuxi_93.gif,大,a46a,43,chuxi,楚系文字,acs/a46a/a46a-chuxi_94.gif,大,a46a,43,chuxi,楚系文字,acs/a46a/a46a-chuxi_95.gif,大,a46a,43,chuxi,楚系文字,acs/a46a/a46a-chuxi_96.gif,大,a46a,43,chuxi,楚系文字,acs/a46a/a46a-chuxi_97.gif,大,a46a,43,chuxi,楚系文字,acs/a46a/a46a-chuxi_98.gif,大,a46a,43,chuxi,楚系文字,acs/a46a/a46a-chuxi_99.gif,大,a46a,43,chuxi,楚系文字,acs/a46a/a46a-chuxi_100.gif,大,a46a,43,chuxi,楚系文字,acs/a46a/a46a-chuxi_101.gif,大,a46a,43,chuxi,楚系文字,acs/a46a/a46a-chuxi_102.gif,大,a46a,43,chuxi,楚系文字,acs/a46a/a46a-chuxi_103.gif,大,a46a,43,chuxi,楚系文字,acs/a46a/a46a-chuxi_104.gif,大,a46a,43,chuxi,楚系文字,acs/a46a/a46a-chuxi_105.gif,大,a46a,43,chuxi,楚系文字,acs/a46a/a46a-chuxi_106.gif,大,a46a,43,chuxi,楚系文字,acs/a46a/a46a-chuxi_107.gif,大,a46a,43,chuxi,楚系文字,acs/a46a/a46a-chuxi_108.gif,大,a46a,43,chuxi,楚系文字,acs/a46a/a46a-chuxi_109.gif,大,a46a,43,chuxi,楚系文字,acs/a46a/a46a-chuxi_110.gif,大,a46a,43,chuxi,楚系文字,acs/a46a/a46a-chuxi_111.gif,大,a46a,43,chuxi,楚系文字,acs/a46a/a46a-chuxi_112.gif,大,a46a,43,chuxi,楚系文字,acs/a46a/a46a-chuxi_113.gif,大,a46a,43,chuxi,楚系文字,acs/a46a/a46a-chuxi_114.gif,大,a46a,43,chuxi,楚系文字,acs/a46a/a46a-chuxi_115.gif,大,a46a,43,chuxi,楚系文字,acs/a46a/a46a-chuxi_116.gif,大,a46a,43,chuxi,楚系文字,acs/a46a/a46a-chuxi_117.gif,大,a46a,43,chuxi,楚系文字,acs/a46a/a46a-chuxi_118.gif,大,a46a,43,chuxi,楚系文字,acs/a46a/a46a-chuxi_119.gif,大,a46a,43,chuxi,楚系文字,acs/a46a/a46a-chuxi_120.gif,大,a46a,43,chuxi,楚系文字,acs/a46a/a46a-chuxi_121.gif,大,a46a,43,chuxi,楚系文字,acs/a46a/a46a-chuxi_122.gif,大,a46a,43,chuxi,楚系文字,acs/a46a/a46a-chuxi_123.gif,大,a46a,43,chuxi,楚系文字,acs/a46a/a46a-chuxi_124.gif,大,a46a,43,chuxi,楚系文字,acs/a46a/a46a-chuxi_125.gif,大,a46a,43,chuxi,楚系文字,acs/a46a/a46a-chuxi_126.gif,大,a46a,43,chuxi,楚系文字,acs/a46a/a46a-chuxi_127.gif,大,a46a,43,chuxi,楚系文字,acs/a46a/a46a-chuxi_128.gif,大,a46a,43,chuxi,楚系文字,acs/a46a/a46a-chuxi_129.gif,大,a46a,43,chuxi,楚系文字,acs/a46a/a46a-chuxi_130.gif,大,a46a,43,chuxi,楚系文字,acs/a46a/a46a-chuxi_131.gif,大,a46a,43,chuxi,楚系文字,acs/a46a/a46a-chuxi_132.gif,大,a46a,43,chuxi,楚系文字,acs/a46a/a46a-chuxi_133.gif,大,a46a,43,chuxi,楚系文字,acs/a46a/a46a-chuxi_134.gif,大,a46a,43,chuxi,楚系文字,acs/a46a/a46a-chuxi_135.gif,大,a46a,43,chuxi,楚系文字,acs/a46a/a46a-chuxi_136.gif,大,a46a,43,chuxi,楚系文字,acs/a46a/a46a-chuxi_137.gif,大,a46a,43,chuxi,楚系文字,acs/a46a/a46a-chuxi_138.gif,大,a46a,43,chuxi,楚系文字,acs/a46a/a46a-chuxi_139.gif,大,a46a,43,chuxi,楚系文字,acs/a46a/a46a-chuxi_140.gif,大,a46a,43,chuxi,楚系文字,acs/a46a/a46a-chuxi_141.gif,大,a46a,43,chuxi,楚系文字,acs/a46a/a46a-chuxi_142.gif,大,a46a,43,chuxi,楚系文字,acs/a46a/a46a-chuxi_143.gif,大,a46a,43,chuxi,楚系文字,acs/a46a/a46a-chuxi_144.gif,大,a46a,43,chuxi,楚系文字,acs/a46a/a46a-chuxi_145.gif,大,a46a,43,chuxi,楚系文字,acs/a46a/a46a-chuxi_146.gif,大,a46a,43,chuxi,楚系文字,acs/a46a/a46a-chuxi_147.gif,大,a46a,43,chuxi,楚系文字,acs/a46a/a46a-chuxi_148.gif,大,a46a,43,chuxi,楚系文字,acs/a46a/a46a-chuxi_149.gif,大,a46a,43,chuxi,楚系文字,acs/a46a/a46a-chuxi_150.gif,大,a46a,43,chuxi,楚系文字,acs/a46a/a46a-chuxi_151.gif,大,a46a,43,chuxi,楚系文字,acs/a46a/a46a-chuxi_152.gif,大,a46a,43,chuxi,楚系文字,acs/a46a/a46a-chuxi_153.gif,大,a46a,43,chuxi,楚系文字,acs/a46a/a46a-chuxi_154.gif,大,a46a,43,chuxi,楚系文字,acs/a46a/a46a-chuxi_155.gif,大,a46a,43,chuxi,楚系文字,acs/a46a/a46a-chuxi_156.gif,大,a46a,43,chuxi,楚系文字,acs/a46a/a46a-chuxi_157.gif,大,a46a,43,chuxi,楚系文字,acs/a46a/a46a-chuxi_158.gif,大,a46a,43,chuxi,楚系文字,acs/a46a/a46a-chuxi_159.gif,大,a46a,43,chuxi,楚系文字,acs/a46a/a46a-chuxi_160.gif,大,a46a,43,chuxi,楚系文字,acs/a46a/a46a-chuxi_161.gif,大,a46a,43,chuxi,楚系文字,acs/a46a/a46a-chuxi_162.gif,大,a46a,43,chuxi,楚系文字,acs/a46a/a46a-chuxi_163.gif,大,a46a,43,chuxi,楚系文字,acs/a46a/a46a-chuxi_164.gif,大,a46a,43,chuxi,楚系文字,acs/a46a/a46a-chuxi_165.gif,大,a46a,43,chuxi,楚系文字,acs/a46a/a46a-chuxi_166.gif,大,a46a,43,chuxi,楚系文字,acs/a46a/a46a-chuxi_167.gif,大,a46a,43,chuxi,楚系文字,acs/a46a/a46a-chuxi_168.gif,大,a46a,43,chuxi,楚系文字,acs/a46a/a46a-chuxi_169.gif,大,a46a,43,chuxi,楚系文字,acs/a46a/a46a-chuxi_170.gif,大,a46a,43,chuxi,楚系文字,acs/a46a/a46a-chuxi_171.gif,大,a46a,43,chuxi,楚系文字,acs/a46a/a46a-chuxi_172.gif,大,a46a,43,chuxi,楚系文字,acs/a46a/a46a-chuxi_173.gif,大,a46a,43,chuxi,楚系文字,acs/a46a/a46a-chuxi_174.gif,大,a46a,43,chuxi,楚系文字,acs/a46a/a46a-chuxi_175.gif,大,a46a,43,chuxi,楚系文字,acs/a46a/a46a-chuxi_176.gif,大,a46a,43,chuxi,楚系文字,acs/a46a/a46a-chuxi_177.gif,大,a46a,43,chuxi,楚系文字,acs/a46a/a46a-chuxi_178.gif,大,a46a,43,chuxi,楚系文字,acs/a46a/a46a-chuxi_179.gif,大,a46a,43,chuxi,楚系文字,acs/a46a/a46a-chuxi_180.gif,大,a46a,43,chuxi,楚系文字,acs/a46a/a46a-chuxi_181.gif,大,a46a,43,chuxi,楚系文字,acs/a46a/a46a-chuxi_182.gif,大,a46a,43,chuxi,楚系文字,acs/a46a/a46a-chuxi_183.gif,大,a46a,43,chuxi,楚系文字,acs/a46a/a46a-chuxi_184.gif,大,a46a,43,chuxi,楚系文字,acs/a46a/a46a-chuxi_185.gif,大,a46a,43,chuxi,楚系文字,acs/a46a/a46a-chuxi_186.gif,大,a46a,43,chuxi,楚系文字,acs/a46a/a46a-chuxi_187.gif,大,a46a,43,chuxi,楚系文字,acs/a46a/a46a-chuxi_188.gif,大,a46a,43,chuxi,楚系文字,acs/a46a/a46a-chuxi_189.gif,大,a46a,43,chuxi,楚系文字,acs/a46a/a46a-chuxi_190.gif,大,a46a,43,chuxi,楚系文字,acs/a46a/a46a-chuxi_191.gif,大,a46a,43,chuxi,楚系文字,acs/a46a/a46a-chuxi_192.gif,大,a46a,43,chuxi,楚系文字,acs/a46a/a46a-chuxi_193.gif,大,a46a,43,chuxi,楚系文字,acs/a46a/a46a-chuxi_194.gif,大,a46a,43,chuxi,楚系文字,acs/a46a/a46a-chuxi_195.gif,大,a46a,43,chuxi,楚系文字,acs/a46a/a46a-chuxi_196.gif,大,a46a,43,chuxi,楚系文字,acs/a46a/a46a-chuxi_197.gif,大,a46a,43,chuxi,楚系文字,acs/a46a/a46a-chuxi_198.gif,大,a46a,43,chuxi,楚系文字,acs/a46a/a46a-chuxi_199.gif,大,a46a,43,chuxi,楚系文字,acs/a46a/a46a-chuxi_200.gif,大,a46a,43,chuxi,楚系文字,acs/a46a/a46a-chuxi_201.gif,大,a46a,43,chuxi,楚系文字,acs/a46a/a46a-chuxi_202.gif,大,a46a,43,chuxi,楚系文字,acs/a46a/a46a-chuxi_203.gif,大,a46a,43,chuxi,楚系文字,acs/a46a/a46a-chuxi_204.gif,大,a46a,43,chuxi,楚系文字,acs/a46a/a46a-chuxi_205.gif,大,a46a,43,chuxi,楚系文字,acs/a46a/a46a-chuxi_206.gif,大,a46a,43,chuxi,楚系文字,acs/a46a/a46a-chuxi_207.gif,大,a46a,43,chuxi,楚系文字,acs/a46a/a46a-chuxi_208.gif,大,a46a,43,chuxi,楚系文字,acs/a46a/a46a-chuxi_209.gif,大,a46a,43,chuxi,楚系文字,acs/a46a/a46a-chuxi_210.gif,大,a46a,43,chuxi,楚系文字,acs/a46a/a46a-chuxi_211.gif,大,a46a,43,chuxi,楚系文字,acs/a46a/a46a-chuxi_212.gif,大,a46a,43,chuxi,楚系文字,acs/a46a/a46a-chuxi_213.gif,大,a46a,43,chuxi,楚系文字,acs/a46a/a46a-chuxi_214.gif,大,a46a,43,chuxi,楚系文字,acs/a46a/a46a-chuxi_215.gif,大,a46a,43,chuxi,楚系文字,acs/a46a/a46a-chuxi_216.gif,大,a46a,43,chuxi,楚系文字,acs/a46a/a46a-chuxi_217.gif,大,a46a,43,chuxi,楚系文字,acs/a46a/a46a-chuxi_218.gif,大,a46a,43,chuxi,楚系文字,acs/a46a/a46a-chuxi_219.gif,大,a46a,43,chuxi,楚系文字,acs/a46a/a46a-chuxi_220.gif,大,a46a,43,chuxi,楚系文字,acs/a46a/a46a-chuxi_221.gif,大,a46a,43,chuxi,楚系文字,acs/a46a/a46a-chuxi_222.gif,大,a46a,43,chuxi,楚系文字,acs/a46a/a46a-chuxi_223.gif,大,a46a,43,chuxi,楚系文字,acs/a46a/a46a-chuxi_224.gif,大,a46a,43,chuxi,楚系文字,acs/a46a/a46a-chuxi_225.gif,大,a46a,43,chuxi,楚系文字,acs/a46a/a46a-chuxi_226.gif,大,a46a,43,chuxi,楚系文字,acs/a46a/a46a-chuxi_227.gif,大,a46a,43,chuxi,楚系文字,acs/a46a/a46a-chuxi_228.gif,大,a46a,43,chuxi,楚系文字,acs/a46a/a46a-chuxi_229.gif,大,a46a,43,chuxi,楚系文字,acs/a46a/a46a-chuxi_230.gif,大,a46a,43,chuxi,楚系文字,acs/a46a/a46a-chuxi_231.gif,大,a46a,43,chuxi,楚系文字,acs/a46a/a46a-chuxi_232.gif,大,a46a,43,chuxi,楚系文字,acs/a46a/a46a-chuxi_233.gif,大,a46a,43,chuxi,楚系文字,acs/a46a/a46a-chuxi_234.gif,
大,a46a,43,oracle,甲骨文,acs/a46a/a46a-oracle_000.gif,
小,a470,49,oracle,甲骨文,acs/a470/a470-oracle_000.gif,
一,a440,1,jinwen,金文,acs/a440/a440-jinwen_000.gif,
一,a440,1,jinwen,金文,acs/a440/a440-jinwen_001.gif,
一,a440,1,jinwen,金文,acs/a440/a440-jinwen_002.gif,
一,a440,1,jinwen,金文,acs/a440/a440-jinwen_003.gif,
一,a440,1,jinwen,金文,acs/a440/a440-jinwen_004.gif,
一,a440,1,jinwen,金文,acs/a440/a440-jinwen_005.gif,
一,a440,1,jinwen,金文,acs/a440/a440-jinwen_006.gif,
一,a440,1,jinwen,金文,acs/a440/a440-jinwen_007.gif,
一,a440,1,jinwen,金文,acs/a440/a440-jinwen_008.gif,
一,a440,1,jinwen,金文,acs/a440/a440-jinwen_009.gif,
一,a440,1,jinwen,金文,acs/a440/a440-jinwen_010.gif,
一,a440,1,jinwen,金文,acs/a440/a440-jinwen_011.gif,
一,a440,1,jinwen,金文,acs/a440/a440-jinwen_012.gif,
一,a440,1,jinwen,金文,acs/a440/a440-jinwen_013.gif,
一,a440,1,jinwen,金文,acs/a440/a440-jinwen_014.gif,
千,a464,37,chuxi,楚系文字,acs/a464/a464-chuxi_000.gif,
千,a464,37,chuxi,楚系文字,acs/a464/a464-chuxi_001.gif,
千,a464,37,chuxi,楚系文字,acs/a464/a464-chuxi_002.gif,
千,a464,37,chuxi,楚系文字,acs/a464/a464-chuxi_003.gif,
千,a464,37,chuxi,楚系文字,acs/a464/a464-chuxi_004.gif,
千,a464,37,chuxi,楚系文字,acs/a464/a464-chuxi_005.gif,
大,a46a,43,jinwen,金文,acs/a46a/a46a-jinwen_000.gif,
大,a46a,43,jinwen,金文,acs/a46a/a46a-jinwen_001.gif,
大,a46a,43,jinwen,金文,acs/a46a/a46a-jinwen_002.gif,
大,a46a,43,jinwen,金文,acs/a46a/a46a-jinwen_003.gif,
大,a46a,43,jinwen,金文,acs/a46a/a46a-jinwen_004.gif,
大,a46a,43,jinwen,金文,acs/a46a/a46a-jinwen_005.gif,
大,a46a,43,jinwen,金文,acs/a46a/a46a-jinwen_006.gif,
大,a46a,43,jinwen,金文,acs/a46a/a46a-jinwen_007.gif,
大,a46a,43,jinwen,金文,acs/a46a/a46a-jinwen_008.gif,
大,a46a,43,jinwen,金文,acs/a46a/a46a-jinwen_009.gif,
大,a46a,43,jinwen,金文,acs/a46a/a46a-jinwen_010.gif,
大,a46a,43,jinwen,金文,acs/a46a/a46a-jinwen_011.gif,
大,a46a,43,jinwen,金文,acs/a46a/a46a-jinwen_012.gif,
大,a46a,43,jinwen,金文,acs/a46a/a46a-jinwen_013.gif,
大,a46a,43,jinwen,金文,acs/a46a/a46a-jinwen_014.gif,
大,a46a,43,jinwen,金文,acs/a46a/a46a-jinwen_015.gif,
大,a46a,43,jinwen,金文,acs/a46a/a46a-jinwen_016.gif,
大,a46a,43,jinwen,金文,acs/a46a/a46a-jinwen_017.gif,
大,a46a,43,jinwen,金文,acs/a46a/a46a-jinwen_018.gif,
大,a46a,43,jinwen,金文,acs/a46a/a46a-jinwen_019.gif,
大,a46a,43,jinwen,金文,acs/a46a/a46a-jinwen_020.gif,
大,a46a,43,jinwen,金文,acs/a46a/a46a-jinwen_021.gif,
大,a46a,43,jinwen,金文,acs/a46a/a46a-jinwen_022.gif,
大,a46a,43,jinwen,金文,acs/a46a/a46a-jinwen_023.gif,
大,a46a,43,jinwen,金文,acs/a46a/a46a-jinwen_024.gif,
大,a46a,43,jinwen,金文,acs/a46a/a46a-jinwen_025.gif,
大,a46a,43,jinwen,金文,acs/a46a/a46a-jinwen_026.gif,
大,a46a,43,jinwen,金文,acs/a46a/a46a-jinwen_027.gif,
大,a46a,43,jinwen,金文,acs/a46a/a46a-jinwen_028.gif,
大,a46a,43,jinwen,金文,acs/a46a/a46a-jinwen_029.gif,
大,a46a,43,jinwen,金文,acs/a46a/a46a-jinwen_030.gif,
大,a46a,43,jinwen,金文,acs/a46a/a46a-jinwen_031.gif,
大,a46a,43,jinwen,金文,acs/a46a/a46a-jinwen_032.gif,
大,a46a,43,jinwen,金文,acs/a46a/a46a-jinwen_033.gif,
大,a46a,43,jinwen,金文,acs/a46a/a46a-jinwen_034.gif,
大,a46a,43,jinwen,金文,acs/a46a/a46a-jinwen_035.gif,
大,a46a,43,jinwen,金文,acs/a46a/a46a-jinwen_036.gif,
大,a46a,43,jinwen,金文,acs/a46a/a46a-jinwen_037.gif,
大,a46a,43,jinwen,金文,acs/a46a/a46a-jinwen_038.gif,
大,a46a,43,jinwen,金文,acs/a46a/a46a-jinwen_039.gif,
大,a46a,43,jinwen,金文,acs/a46a/a46a-jinwen_040.gif,
大,a46a,43,jinwen,金文,acs/a46a/a46a-jinwen_041.gif,
大,a46a,43,jinwen,金文,acs/a46a/a46a-jinwen_042.gif,
大,a46a,43,jinwen,金文,acs/a46a/a46a-jinwen_043.gif,
大,a46a,43,jinwen,金文,acs/a46a/a46a-jinwen_044.gif,
大,a46a,43,jinwen,金文,acs/a46a/a46a-jinwen_045.gif,
大,a46a,43,jinwen,金文,acs/a46a/a46a-jinwen_046.gif,
大,a46a,43,jinwen,金文,acs/a46a/a46a-jinwen_047.gif,
大,a46a,43,jinwen,金文,acs/a46a/a46a-jinwen_048.gif,
十,a451,18,chuxi,楚系文字,acs/a451/a451-chuxi_000.gif,
十,a451,18,chuxi,楚系文字,acs/a451/a451-chuxi_001.gif,
十,a451,18,chuxi,楚系文字,acs/a451/a451-chuxi_002.gif,
十,a451,18,chuxi,楚系文字,acs/a451/a451-chuxi_003.gif,
十,a451,18,chuxi,楚系文字,acs/a451/a451-chuxi_004.gif,
十,a451,18,chuxi,楚系文字,acs/a451/a451-chuxi_005.gif,
十,a451,18,chuxi,楚系文字,acs/a451/a451-chuxi_006.gif,
十,a451,18,chuxi,楚系文字,acs/a451/a451-chuxi_007.gif,
十,a451,18,chuxi,楚系文字,acs/a451/a451-chuxi_008.gif,
十,a451,18,chuxi,楚系文字,acs/a451/a451-chuxi_009.gif,
十,a451,18,chuxi,楚系文字,acs/a451/a451-chuxi_010.gif,
十,a451,18,chuxi,楚系文字,acs/a451/a451-chuxi_011.gif,
十,a451,18,chuxi,楚系文字,acs/a451/a451-chuxi_012.gif,
十,a451,18,chuxi,楚系文字,acs/a451/a451-chuxi_013.gif,
十,a451,18,chuxi,楚系文字,acs/a451/a451-chuxi_014.gif,
十,a451,18,chuxi,楚系文字,acs/a451/a451-chuxi_015.gif,
十,a451,18,chuxi,楚系文字,acs/a451/a451-chuxi_016.gif,
十,a451,18,chuxi,楚系文字,acs/a451/a451-chuxi_017.gif,
十,a451,18,chuxi,楚系文字,acs/a451/a451-chuxi_018.gif,
十,a451,18,chuxi,楚系文字,acs/a451/a451-chuxi_019.gif,
十,a451,18,chuxi,楚系文字,acs/a451/a451-chuxi_020.gif,
十,a451,18,chuxi,楚系文字,acs/a451/a451-chuxi_021.gif,
十,a451,18,chuxi,楚系文字,acs/a451/a451-chuxi_022.gif,
十,a451,18,chuxi,楚系文字,acs/a451/a451-chuxi_023.gif,
十,a451,18,chuxi,楚系文字,acs/a451/a451-chuxi_024.gif,
十,a451,18,chuxi,楚系文字,acs/a451/a451-chuxi_025.gif,
十,a451,18,chuxi,楚系文字,acs/a451/a451-chuxi_026.gif,
十,a451,18,chuxi,楚系文字,acs/a451/a451-chuxi_027.gif,
十,a451,18,chuxi,楚系文字,acs/a451/a451-chuxi_028.gif,
十,a451,18,chuxi,楚系文字,acs/a451/a451-chuxi_029.gif,
十,a451,18,chuxi,楚系文字,acs/a451/a451-chuxi_030.gif,
十,a451,18,chuxi,楚系文字,acs/a451/a451-chuxi_031.gif,
十,a451,18,chuxi,楚系文字,acs/a451/a451-chuxi_032.gif,
十,a451,18,chuxi,楚系文字,acs/a451/a451-chuxi_033.gif,
十,a451,18,chuxi,楚系文字,acs/a451/a451-chuxi_034.gif,
十,a451,18,chuxi,楚系文字,acs/a451/a451-chuxi_035.gif,
十,a451,18,chuxi,楚系文字,acs/a451/a451-chuxi_036.gif,
十,a451,18,chuxi,楚系文字,acs/a451/a451-chuxi_037.gif,
十,a451,18,chuxi,楚系文字,acs/a451/a451-chuxi_038.gif,
十,a451,18,chuxi,楚系文字,acs/a451/a451-chuxi_039.gif,
多,a668,355,chuxi,楚系文字,acs/a668/a668-chuxi_000.gif,
多,a668,355,chuxi,楚系文字,acs/a668/a668-chuxi_001.gif,
多,a668,355,chuxi,楚系文字,acs/a668/a668-chuxi_002.gif,
多,a668,355,chuxi,楚系文字,acs/a668/a668-chuxi_003.gif,
多,a668,355,chuxi,楚系文字,acs/a668/a668-chuxi_004.gif,
多,a668,355,chuxi,楚系文字,acs/a668/a668-chuxi_005.gif,
多,a668,355,chuxi,楚系文字,acs/a668/a668-chuxi_006.gif,
多,a668,355,chuxi,楚系文字,acs/a668/a668-chuxi_007.gif,
多,a668,355,chuxi,楚系文字,acs/a668/a668-chuxi_008.gif,
多,a668,355,chuxi,楚系文字,acs/a668/a668-chuxi_009.gif,
多,a668,355,chuxi,楚系文字,acs/a668/a668-chuxi_010.gif,
多,a668,355,chuxi,楚系文字,acs/a668/a668-chuxi_011.gif,
多,a668,355,chuxi,楚系文字,acs/a668/a668-chuxi_012.gif,
多,a668,355,chuxi,楚系文字,acs/a668/a668-chuxi_013.gif,
多,a668,355,chuxi,楚系文字,acs/a668/a668-chuxi_014.gif,
多,a668,355,chuxi,楚系文字,acs/a668/a668-chuxi_015.gif,
多,a668,355,chuxi,楚系文字,acs/a668/a668-chuxi_016.gif,
多,a668,355,chuxi,楚系文字,acs/a668/a668-chuxi_017.gif,
多,a668,355,chuxi,楚系文字,acs/a668/a668-chuxi_018.gif,
多,a668,355,chuxi,楚系文字,acs/a668/a668-chuxi_019.gif,
多,a668,355,chuxi,楚系文字,acs/a668/a668-chuxi_020.gif,
多,a668,355,chuxi,楚系文字,acs/a668/a668-chuxi_021.gif,
多,a668,355,chuxi,楚系文字,acs/a668/a668-chuxi_022.gif,
多,a668,355,chuxi,楚系文字,acs/a668/a668-chuxi_023.gif,
多,a668,355,chuxi,楚系文字,acs/a668/a668-chuxi_024.gif,
多,a668,355,chuxi,楚系文字,acs/a668/a668-chuxi_025.gif,
多,a668,355,chuxi,楚系文字,acs/a668/a668-chuxi_026.gif,
多,a668,355,chuxi,楚系文字,acs/a668/a668-chuxi_027.gif,
多,a668,355,chuxi,楚系文字,acs/a668/a668-chuxi_028.gif,
多,a668,355,chuxi,楚系文字,acs/a668/a668-chuxi_029.gif,
多,a668,355,chuxi,楚系文字,acs/a668/a668-chuxi_030.gif,
多,a668,355,chuxi,楚系文字,acs/a668/a668-chuxi_031.gif,
多,a668,355,chuxi,楚系文字,acs/a668/a668-chuxi_032.gif,
多,a668,355,chuxi,楚系文字,acs/a668/a668-chuxi_033.gif,
多,a668,355,chuxi,楚系文字,acs/a668/a668-chuxi_034.gif,
小,a470,49,jinwen,金文,acs/a470/a470-jinwen_000.gif,
小,a470,49,jinwen,金文,acs/a470/a470-jinwen_001.gif,
小,a470,49,jinwen,金文,acs/a470/a470-jinwen_002.gif,
小,a470,49,jinwen,金文,acs/a470/a470-jinwen_003.gif,
小,a470,49,jinwen,金文,acs/a470/a470-jinwen_004.gif,
小,a470,49,jinwen,金文,acs/a470/a470-jinwen_005.gif,
小,a470,49,jinwen,金文,acs/a470/a470-jinwen_006.gif,
小,a470,49,jinwen,金文,acs/a470/a470-jinwen_007.gif,
小,a470,49,jinwen,金文,acs/a470/a470-jinwen_008.gif,
小,a470,49,jinwen,金文,acs/a470/a470-jinwen_009.gif,
小,a470,49,jinwen,金文,acs/a470/a470-jinwen_010.gif,
小,a470,49,jinwen,金文,acs/a470/a470-jinwen_011.gif,
小,a470,49,jinwen,金文,acs/a470/a470-jinwen_012.gif,
小,a470,49,jinwen,金文,acs/a470/a470-jinwen_013.gif,
小,a470,49,jinwen,金文,acs/a470/a470-jinwen_014.gif,
小,a470,49,jinwen,金文,acs/a470/a470-jinwen_015.gif,
小,a470,49,jinwen,金文,acs/a470/a470-jinwen_016.gif,
小,a470,49,jinwen,金文,acs/a470/a470-jinwen_017.gif,
小,a470,49,jinwen,金文,acs/a470/a470-jinwen_018.gif,
小,a470,49,jinwen,金文,acs/a470/a470-jinwen_019.gif,
小,a470,49,jinwen,金文,acs/a470/a470-jinwen_020.gif,
小,a470,49,jinwen,金文,acs/a470/a470-jinwen_021.gif,
小,a470,49,jinwen,金文,acs/a470/a470-jinwen_022.gif,
小,a470,49,jinwen,金文,acs/a470/a470-jinwen_023.gif,
小,a470,49,jinwen,金文,acs/a470/a470-jinwen_024.gif,
小,a470,49,jinwen,金文,acs/a470/a470-jinwen_025.gif,
小,a470,49,jinwen,金文,acs/a470/a470-jinwen_026.gif,
小,a470,49,jinwen,金文,acs/a470/a470-jinwen_027.gif,
小,a470,49,jinwen,金文,acs/a470/a470-jinwen_028.gif,
小,a470,49,jinwen,金文,acs/a470/a470-jinwen_029.gif,
小,a470,49,jinwen,金文,acs/a470/a470-jinwen_030.gif,
小,a470,49,jinwen,金文,acs/a470/a470-jinwen_031.gif,
小,a470,49,jinwen,金文,acs/a470/a470-jinwen_032.gif,
小,a470,49,jinwen,金文,acs/a470/a470-jinwen_033.gif,
小,a470,49,jinwen,金文,acs/a470/a470-jinwen_034.gif,
小,a470,49,jinwen,金文,acs/a470/a470-jinwen_035.gif,
小,a470,49,jinwen,金文,acs/a470/a470-jinwen_036.gif,
小,a470,49,jinwen,金文,acs/a470/a470-jinwen_037.gif,
小,a470,49,jinwen,金文,acs/a470/a470-jinwen_038.gif,
小,a470,49,jinwen,金文,acs/a470/a470-jinwen_039.gif,
小,a470,49,jinwen,金文,acs/a470/a470-jinwen_040.gif,
小,a470,49,jinwen,金文,acs/a470/a470-jinwen_041.gif,
小,a470,49,jinwen,金文,acs/a470/a470-jinwen_042.gif,
小,a470,49,jinwen,金文,acs/a470/a470-jinwen_043.gif,
小,a470,49,jinwen,金文,acs/a470/a470-jinwen_044.gif,
小,a470,49,jinwen,金文,acs/a470/a470-jinwen_045.gif,
小,a470,49,jinwen,金文,acs/a470/a470-jinwen_046.gif,
小,a470,49,jinwen,金文,acs/a470/a470-jinwen_047.gif,
小,a470,49,jinwen,金文,acs/a470/a470-jinwen_048.gif,
小,a470,49,jinwen,金文,acs/a470/a470-jinwen_049.gif,
小,a470,49,jinwen,金文,acs/a470/a470-jinwen_050.gif,
小,a470,49,jinwen,金文,acs/a470/a470-jinwen_051.gif,
小,a470,49,jinwen,金文,acs/a470/a470-jinwen_052.gif,
小,a470,49,jinwen,金文,acs/a470/a470-jinwen_053.gif,
小,a470,49,jinwen,金文,acs/a470/a470-jinwen_054.gif,
小,a470,49,jinwen,金文,acs/a470/a470-jinwen_055.gif,
小,a470,49,jinwen,金文,acs/a470/a470-jinwen_056.gif,
小,a470,49,jinwen,金文,acs/a470/a470-jinwen_057.gif,
小,a470,49,jinwen,金文,acs/a470/a470-jinwen_058.gif,
小,a470,49,jinwen,金文,acs/a470/a470-jinwen_059.gif,
小,a470,49,jinwen,金文,acs/a470/a470-jinwen_060.gif,
小,a470,49,jinwen,金文,acs/a470/a470-jinwen_061.gif,
小,a470,49,jinwen,金文,acs/a470/a470-jinwen_062.gif,
小,a470,49,jinwen,金文,acs/a470/a470-jinwen_063.gif,
小,a470,49,jinwen,金文,acs/a470/a470-jinwen_064.gif,
小,a470,49,jinwen,金文,acs/a470/a470-jinwen_065.gif,
小,a470,49,jinwen,金文,acs/a470/a470-jinwen_066.gif,
小,a470,49,jinwen,金文,acs/a470/a470-jinwen_067.gif,
小,a470,49,jinwen,金文,acs/a470/a470-jinwen_068.gif,
百,a6ca,419,chuxi,楚系文字,acs/a6ca/a6ca-chuxi_000.gif,
百,a6ca,419,chuxi,楚系文字,acs/a6ca/a6ca-chuxi_001.gif,
百,a6ca,419,chuxi,楚系文字,acs/a6ca/a6ca-chuxi_002.gif,
百,a6ca,419,chuxi,楚系文字,acs/a6ca/a6ca-chuxi_003.gif,
百,a6ca,419,chuxi,楚系文字,acs/a6ca/a6ca-chuxi_004.gif,
百,a6ca,419,chuxi,楚系文字,acs/a6ca/a6ca-chuxi_005.gif,
百,a6ca,419,chuxi,楚系文字,acs/a6ca/a6ca-chuxi_006.gif,
百,a6ca,419,chuxi,楚系文字,acs/a6ca/a6ca-chuxi_007.gif,
百,a6ca,419,chuxi,楚系文字,acs/a6ca/a6ca-chuxi_008.gif,
百,a6ca,419,chuxi,楚系文字,acs/a6ca/a6ca-chuxi_009.gif,
百,a6ca,419,chuxi,楚系文字,acs/a6ca/a6ca-chuxi_010.gif,
百,a6ca,419,chuxi,楚系文字,acs/a6ca/a6ca-chuxi_011.gif,
百,a6ca,419,chuxi,楚系文字,acs/a6ca/a6ca-chuxi_012.gif,
百,a6ca,419,chuxi,楚系文字,acs/a6ca/a6ca-chuxi_013.gif,
百,a6ca,419,chuxi,楚系文字,acs/a6ca/a6ca-chuxi_014.gif,
百,a6ca,419,chuxi,楚系文字,acs/a6ca/a6ca-chuxi_015.gif,
百,a6ca,419,chuxi,楚系文字,acs/a6ca/a6ca-chuxi_016.gif,
百,a6ca,419,chuxi,楚系文字,acs/a6ca/a6ca-chuxi_017.gif,
百,a6ca,419,chuxi,楚系文字,acs/a6ca/a6ca-chuxi_018.gif,
百,a6ca,419,chuxi,楚系文字,acs/a6ca/a6ca-chuxi_019.gif,
百,a6ca,419,chuxi,楚系文字,acs/a6ca/a6ca-chuxi_020.gif,
百,a6ca,419,chuxi,楚系文字,acs/a6ca/a6ca-chuxi_021.gif,
百,a6ca,419,chuxi,楚系文字,acs/a6ca/a6ca-chuxi_022.gif,
百,a6ca,419,chuxi,楚系文字,acs/a6ca/a6ca-chuxi_023.gif,
百,a6ca,419,chuxi,楚系文字,acs/a6ca/a6ca-chuxi_024.gif,
百,a6ca,419,chuxi,楚系文字,acs/a6ca/a6ca-chuxi_025.gif,
百,a6ca,419,chuxi,楚系文字,acs/a6ca/a6ca-chuxi_026.gif,
百,a6ca,419,chuxi,楚系文字,acs/a6ca/a6ca-chuxi_027.gif,
百,a6ca,419,chuxi,楚系文字,acs/a6ca/a6ca-chuxi_028.gif,
百,a6ca,419,chuxi,楚系文字,acs/a6ca/a6ca-chuxi_029.gif,
百,a6ca,419,chuxi,楚系文字,acs/a6ca/a6ca-chuxi_030.gif,
百,a6ca,419,chuxi,楚系文字,acs/a6ca/a6ca-chuxi_031.gif,
百,a6ca,419,chuxi,楚系文字,acs/a6ca/a6ca-chuxi_032.gif,
百,a6ca,419,chuxi,楚系文字,acs/a6ca/a6ca-chuxi_033.gif,
百,a6ca,419,chuxi,楚系文字,acs/a6ca/a6ca-chuxi_034.gif,
百,a6ca,419,chuxi,楚系文字,acs/a6ca/a6ca-chuxi_035.gif,
百,a6ca,419,chuxi,楚系文字,acs/a6ca/a6ca-chuxi_036.gif,
百,a6ca,419,chuxi,楚系文字,acs/a6ca/a6ca-chuxi_037.gif,
百,a6ca,419,chuxi,楚系文字,acs/a6ca/a6ca-chuxi_038.gif,
百,a6ca,419,chuxi,楚系文字,acs/a6ca/a6ca-chuxi_039.gif,
百,a6ca,419,chuxi,楚系文字,acs/a6ca/a6ca-chuxi_040.gif,
百,a6ca,419,chuxi,楚系文字,acs/a6ca/a6ca-chuxi_041.gif,
百,a6ca,419,chuxi,楚系文字,acs/a6ca/a6ca-chuxi_042.gif,
百,a6ca,419,chuxi,楚系文字,acs/a6ca/a6ca-chuxi_043.gif,
百,a6ca,419,chuxi,楚系文字,acs/a6ca/a6ca-chuxi_044.gif,
百,a6ca,419,chuxi,楚系文字,acs/a6ca/a6ca-chuxi_045.gif,
百,a6ca,419,chuxi,楚系文字,acs/a6ca/a6ca-chuxi_046.gif,
百,a6ca,419,chuxi,楚系文字,acs/a6ca/a6ca-chuxi_047.gif,
百,a6ca,419,chuxi,楚系文字,acs/a6ca/a6ca-chuxi_048.gif,
百,a6ca,419,chuxi,楚系文字,acs/a6ca/a6ca-chuxi_049.gif,
百,a6ca,419,chuxi,楚系文字,acs/a6ca/a6ca-chuxi_050.gif,
百,a6ca,419,chuxi,楚系文字,acs/a6ca/a6ca-chuxi_051.gif,
百,a6ca,419,chuxi,楚系文字,acs/a6ca/a6ca-chuxi_052.gif,
百,a6ca,419,chuxi,楚系文字,acs/a6ca/a6ca-chuxi_053.gif,
百,a6ca,419,chuxi,楚系文字,acs/a6ca/a6ca-chuxi_054.gif,
百,a6ca,419,chuxi,楚系文字,acs/a6ca/a6ca-chuxi_055.gif,
百,a6ca,419,chuxi,楚系文字,acs/a6ca/a6ca-chuxi_056.gif,
百,a6ca,419,chuxi,楚系文字,acs/a6ca/a6ca-chuxi_057.gif,
百,a6ca,419,chuxi,楚系文字,acs/a6ca/a6ca-chuxi_058.gif,
三,a454,21,chuxi,楚系文字,acs/a454/a454-chuxi_000.gif,
三,a454,21,chuxi,楚系文字,acs/a454/a454-chuxi_001.gif,
三,a454,21,chuxi,楚系文字,acs/a454/a454-chuxi_002.gif,
三,a454,21,chuxi,楚系文字,acs/a454/a454-chuxi_003.gif,
三,a454,21,chuxi,楚系文字,acs/a454/a454-chuxi_004.gif,
三,a454,21,chuxi,楚系文字,acs/a454/a454-chuxi_005.gif,
三,a454,21,chuxi,楚系文字,acs/a454/a454-chuxi_006.gif,
三,a454,21,chuxi,楚系文字,acs/a454/a454-chuxi_007.gif,
三,a454,21,chuxi,楚系文字,acs/a454/a454-chuxi_008.gif,
三,a454,21,chuxi,楚系文字,acs/a454/a454-chuxi_009.gif,
三,a454,21,chuxi,楚系文字,acs/a454/a454-chuxi_010.gif,
三,a454,21,chuxi,楚系文字,acs/a454/a454-chuxi_011.gif,
三,a454,21,chuxi,楚系文字,acs/a454/a454-chuxi_012.gif,
三,a454,21,chuxi,楚系文字,acs/a454/a454-chuxi_013.gif,
三,a454,21,chuxi,楚系文字,acs/a454/a454-chuxi_014.gif,
三,a454,21,chuxi,楚系文字,acs/a454/a454-chuxi_015.gif,
三,a454,21,chuxi,楚系文字,acs/a454/a454-chuxi_016.gif,
三,a454,21,chuxi,楚系文字,acs/a454/a454-chuxi_017.gif,
三,a454,21,chuxi,楚系文字,acs/a454/a454-chuxi_018.gif,
三,a454,21,chuxi,楚系文字,acs/a454/a454-chuxi_019.gif,
三,a454,21,chuxi,楚系文字,acs/a454/a454-chuxi_020.gif,
三,a454,21,chuxi,楚系文字,acs/a454/a454-chuxi_021.gif,
三,a454,21,chuxi,楚系文字,acs/a454/a454-chuxi_022.gif,
三,a454,21,chuxi,楚系文字,acs/a454/a454-chuxi_023.gif,
三,a454,21,chuxi,楚系文字,acs/a454/a454-chuxi_024.gif,
三,a454,21,chuxi,楚系文字,acs/a454/a454-chuxi_025.gif,
三,a454,21,chuxi,楚系文字,acs/a454/a454-chuxi_026.gif,
三,a454,21,chuxi,楚系文字,acs/a454/a454-chuxi_027.gif,
三,a454,21,chuxi,楚系文字,acs/a454/a454-chuxi_028.gif,
三,a454,21,chuxi,楚系文字,acs/a454/a454-chuxi_029.gif,
三,a454,21,chuxi,楚系文字,acs/a454/a454-chuxi_030.gif,
三,a454,21,chuxi,楚系文字,acs/a454/a454-chuxi_031.gif,
三,a454,21,chuxi,楚系文字,acs/a454/a454-chuxi_032.gif,
三,a454,21,chuxi,楚系文字,acs/a454/a454-chuxi_033.gif,
三,a454,21,chuxi,楚系文字,acs/a454/a454-chuxi_034.gif,
三,a454,21,chuxi,楚系文字,acs/a454/a454-chuxi_035.gif,
三,a454,21,chuxi,楚系文字,acs/a454/a454-chuxi_036.gif,
三,a454,21,chuxi,楚系文字,acs/a454/a454-chuxi_037.gif,
三,a454,21,chuxi,楚系文字,acs/a454/a454-chuxi_038.gif,
三,a454,21,chuxi,楚系文字,acs/a454/a454-chuxi_039.gif,
三,a454,21,chuxi,楚系文字,acs/a454/a454-chuxi_040.gif,
三,a454,21,chuxi,楚系文字,acs/a454/a454-chuxi_041.gif,
三,a454,21,chuxi,楚系文字,acs/a454/a454-chuxi_042.gif,
三,a454,21,chuxi,楚系文字,acs/a454/a454-chuxi_043.gif,
三,a454,21,chuxi,楚系文字,acs/a454/a454-chuxi_044.gif,
三,a454,21,chuxi,楚系文字,acs/a454/a454-chuxi_045.gif,
三,a454,21,chuxi,楚系文字,acs/a454/a454-chuxi_046.gif,
三,a454,21,chuxi,楚系文字,acs/a454/a454-chuxi_047.gif,
三,a454,21,chuxi,楚系文字,acs/a454/a454-chuxi_048.gif,
三,a454,21,chuxi,楚系文字,acs/a454/a454-chuxi_049.gif,
三,a454,21,chuxi,楚系文字,acs/a454/a454-chuxi_050.gif,
三,a454,21,chuxi,楚系文字,acs/a454/a454-chuxi_051.gif,
三,a454,21,chuxi,楚系文字,acs/a454/a454-chuxi_052.gif,
三,a454,21,chuxi,楚系文字,acs/a454/a454-chuxi_053.gif,
三,a454,21,chuxi,楚系文字,acs/a454/a454-chuxi_054.gif,
三,a454,21,chuxi,楚系文字,acs/a454/a454-chuxi_055.gif,
三,a454,21,chuxi,楚系文字,acs/a454/a454-chuxi_056.gif,
三,a454,21,chuxi,楚系文字,acs/a454/a454-chuxi_057.gif,
三,a454,21,chuxi,楚系文字,acs/a454/a454-chuxi_058.gif,
三,a454,21,chuxi,楚系文字,acs/a454/a454-chuxi_059.gif,
三,a454,21,chuxi,楚系文字,acs/a454/a454-chuxi_060.gif,
三,a454,21,chuxi,楚系文字,acs/a454/a454-chuxi_061.gif,
三,a454,21,chuxi,楚系文字,acs/a454/a454-chuxi_062.gif,
三,a454,21,chuxi,楚系文字,acs/a454/a454-chuxi_063.gif,
三,a454,21,chuxi,楚系文字,acs/a454/a454-chuxi_064.gif,
三,a454,21,chuxi,楚系文字,acs/a454/a454-chuxi_065.gif,
三,a454,21,chuxi,楚系文字,acs/a454/a454-chuxi_066.gif,
三,a454,21,chuxi,楚系文字,acs/a454/a454-chuxi_067.gif,
三,a454,21,chuxi,楚系文字,acs/a454/a454-chuxi_068.gif,
三,a454,21,chuxi,楚系文字,acs/a454/a454-chuxi_069.gif,
三,a454,21,chuxi,楚系文字,acs/a454/a454-chuxi_070.gif,
三,a454,21,chuxi,楚系文字,acs/a454/a454-chuxi_071.gif,
三,a454,21,chuxi,楚系文字,acs/a454/a454-chuxi_072.gif,
三,a454,21,chuxi,楚系文字,acs/a454/a454-chuxi_073.gif,
三,a454,21,chuxi,楚系文字,acs/a454/a454-chuxi_074.gif,
三,a454,21,chuxi,楚系文字,acs/a454/a454-chuxi_075.gif,
三,a454,21,chuxi,楚系文字,acs/a454/a454-chuxi_076.gif,
三,a454,21,chuxi,楚系文字,acs/a454/a454-chuxi_077.gif,
三,a454,21,chuxi,楚系文字,acs/a454/a454-chuxi_078.gif,
三,a454,21,chuxi,楚系文字,acs/a454/a454-chuxi_079.gif,
三,a454,21,chuxi,楚系文字,acs/a454/a454-chuxi_080.gif,
三,a454,21,chuxi,楚系文字,acs/a454/a454-chuxi_081.gif,
三,a454,21,chuxi,楚系文字,acs/a454/a454-chuxi_082.gif,
三,a454,21,chuxi,楚系文字,acs/a454/a454-chuxi_083.gif,
三,a454,21,chuxi,楚系文字,acs/a454/a454-chuxi_084.gif,
三,a454,21,chuxi,楚系文字,acs/a454/a454-chuxi_085.gif,
三,a454,21,chuxi,楚系文字,acs/a454/a454-chuxi_086.gif,
三,a454,21,chuxi,楚系文字,acs/a454/a454-chuxi_087.gif,
三,a454,21,chuxi,楚系文字,acs/a454/a454-chuxi_088.gif,
三,a454,21,chuxi,楚系文字,acs/a454/a454-chuxi_089.gif,
三,a454,21,chuxi,楚系文字,acs/a454/a454-chuxi_090.gif,
大,a46a,43,chuxi,楚系文字,acs/a46a/a46a-chuxi_000.gif,
大,a46a,43,chuxi,楚系文字,acs/a46a/a46a-chuxi_001.gif,
大,a46a,43,chuxi,楚系文字,acs/a46a/a46a-chuxi_002.gif,
大,a46a,43,chuxi,楚系文字,acs/a46a/a46a-chuxi_003.gif,
大,a46a,43,chuxi,楚系文字,acs/a46a/a46a-chuxi_004.gif,
大,a46a,43,chuxi,楚系文字,acs/a46a/a46a-chuxi_005.gif,
大,a46a,43,chuxi,楚系文字,acs/a46a/a46a-chuxi_006.gif,
大,a46a,43,chuxi,楚系文字,acs/a46a/a46a-chuxi_007.gif,
大,a46a,43,chuxi,楚系文字,acs/a46a/a46a-chuxi_008.gif,
大,a46a,43,chuxi,楚系文字,acs/a46a/a46a-chuxi_009.gif,
大,a46a,43,chuxi,楚系文字,acs/a46a/a46a-chuxi_010.gif,
大,a46a,43,chuxi,楚系文字,acs/a46a/a46a-chuxi_011.gif,
大,a46a,43,chuxi,楚系文字,acs/a46a/a46a-chuxi_012.gif,
大,a46a,43,chuxi,楚系文字,acs/a46a/a46a-chuxi_013.gif,
大,a46a,43,chuxi,楚系文字,acs/a46a/a46a-chuxi_014.gif,
大,a46a,43,chuxi,楚系文字,acs/a46a/a46a-chuxi_015.gif,
大,a46a,43,chuxi,楚系文字,acs/a46a/a46a-chuxi_016.gif,
大,a46a,43,chuxi,楚系文字,acs/a46a/a46a-chuxi_017.gif,
大,a46a,43,chuxi,楚系文字,acs/a46a/a46a-chuxi_018.gif,
大,a46a,43,chuxi,楚系文字,acs/a46a/a46a-chuxi_019.gif,
大,a46a,43,chuxi,楚系文字,acs/a46a/a46a-chuxi_020.gif,
大,a46a,43,chuxi,楚系文字,acs/a46a/a46a-chuxi_021.gif,
大,a46a,43,chuxi,楚系文字,acs/a46a/a46a-chuxi_022.gif,
大,a46a,43,chuxi,楚系文字,acs/a46a/a46a-chuxi_023.gif,
大,a46a,43,chuxi,楚系文字,acs/a46a/a46a-chuxi_024.gif,
大,a46a,43,chuxi,楚系文字,acs/a46a/a46a-chuxi_025.gif,
大,a46a,43,chuxi,楚系文字,acs/a46a/a46a-chuxi_026.gif,
大,a46a,43,chuxi,楚系文字,acs/a46a/a46a-chuxi_027.gif,
大,a46a,43,chuxi,楚系文字,acs/a46a/a46a-chuxi_028.gif,
大,a46a,43,chuxi,楚系文字,acs/a46a/a46a-chuxi_029.gif,
大,a46a,43,chuxi,楚系文字,acs/a46a/a46a-chuxi_030.gif,
大,a46a,43,chuxi,楚系文字,acs/a46a/a46a-chuxi_031.gif,
大,a46a,43,chuxi,楚系文字,acs/a46a/a46a-chuxi_032.gif,
大,a46a,43,chuxi,楚系文字,acs/a46a/a46a-chuxi_033.gif,
大,a46a,43,chuxi,楚系文字,acs/a46a/a46a-chuxi_034.gif,
大,a46a,43,chuxi,楚系文字,acs/a46a/a46a-chuxi_035.gif,
大,a46a,43,chuxi,楚系文字,acs/a46a/a46a-chuxi_036.gif,
大,a46a,43,chuxi,楚系文字,acs/a46a/a46a-chuxi_037.gif,
大,a46a,43,chuxi,楚系文字,acs/a46a/a46a-chuxi_038.gif,
大,a46a,43,chuxi,楚系文字,acs/a46a/a46a-chuxi_039.gif,
大,a46a,43,chuxi,楚系文字,acs/a46a/a46a-chuxi_040.gif,
大,a46a,43,chuxi,楚系文字,acs/a46a/a46a-chuxi_041.gif,
大,a46a,43,chuxi,楚系文字,acs/a46a/a46a-chuxi_042.gif,
大,a46a,43,chuxi,楚系文字,acs/a46a/a46a-chuxi_043.gif,
大,a46a,43,chuxi,楚系文字,acs/a46a/a46a-chuxi_044.gif,
大,a46a,43,chuxi,楚系文字,acs/a46a/a46a-chuxi_045.gif,
大,a46a,43,chuxi,楚系文字,acs/a46a/a46a-chuxi_046.gif,
大,a46a,43,chuxi,楚系文字,acs/a46a/a46a-chuxi_047.gif,
大,a46a,43,chuxi,楚系文字,acs/a46a/a46a-chuxi_048.gif,
大,a46a,43,chuxi,楚系文字,acs/a46a/a46a-chuxi_049.gif,
大,a46a,43,chuxi,楚系文字,acs/a46a/a46a-chuxi_050.gif,
大,a46a,43,chuxi,楚系文字,acs/a46a/a46a-chuxi_051.gif,
大,a46a,43,chuxi,楚系文字,acs/a46a/a46a-chuxi_052.gif,
大,a46a,43,chuxi,楚系文字,acs/a46a/a46a-chuxi_053.gif,
大,a46a,43,chuxi,楚系文字,acs/a46a/a46a-chuxi_054.gif,
大,a46a,43,chuxi,楚系文字,acs/a46a/a46a-chuxi_055.gif,
大,a46a,43,chuxi,楚系文字,acs/a46a/a46a-chuxi_056.gif,
大,a46a,43,chuxi,楚系文字,acs/a46a/a46a-chuxi_057.gif,
大,a46a,43,chuxi,楚系文字,acs/a46a/a46a-chuxi_058.gif,
大,a46a,43,chuxi,楚系文字,acs/a46a/a46a-chuxi_059.gif,
大,a46a,43,chuxi,楚系文字,acs/a46a/a46a-chuxi_060.gif,
大,a46a,43,chuxi,楚系文字,acs/a46a/a46a-chuxi_061.gif,
大,a46a,43,chuxi,楚系文字,acs/a46a/a46a-chuxi_062.gif,
大,a46a,43,chuxi,楚系文字,acs/a46a/a46a-chuxi_063.gif,
大,a46a,43,chuxi,楚系文字,acs/a46a/a46a-chuxi_064.gif,
大,a46a,43,chuxi,楚系文字,acs/a46a/a46a-chuxi_065.gif,
大,a46a,43,chuxi,楚系文字,acs/a46a/a46a-chuxi_066.gif,
大,a46a,43,chuxi,楚系文字,acs/a46a/a46a-chuxi_067.gif,
大,a46a,43,chuxi,楚系文字,acs/a46a/a46a-chuxi_068.gif,
大,a46a,43,chuxi,楚系文字,acs/a46a/a46a-chuxi_069.gif,
大,a46a,43,chuxi,楚系文字,acs/a46a/a46a-chuxi_070.gif,
大,a46a,43,chuxi,楚系文字,acs/a46a/a46a-chuxi_071.gif,
大,a46a,43,chuxi,楚系文字,acs/a46a/a46a-chuxi_072.gif,
大,a46a,43,chuxi,楚系文字,acs/a46a/a46a-chuxi_073.gif,
大,a46a,43,chuxi,楚系文字,acs/a46a/a46a-chuxi_074.gif,
大,a46a,43,chuxi,楚系文字,acs/a46a/a46a-chuxi_075.gif,
大,a46a,43,chuxi,楚系文字,acs/a46a/a46a-chuxi_076.gif,
大,a46a,43,chuxi,楚系文字,acs/a46a/a46a-chuxi_077.gif,
大,a46a,43,chuxi,楚系文字,acs/a46a/a46a-chuxi_078.gif,
大,a46a,43,chuxi,楚系文字,acs/a46a/a46a-chuxi_079.gif,
大,a46a,43,chuxi,楚系文字,acs/a46a/a46a-chuxi_080.gif,
大,a46a,43,chuxi,楚系文字,acs/a46a/a46a-chuxi_081.gif,
大,a46a,43,chuxi,楚系文字,acs/a46a/a46a-chuxi_082.gif,
大,a46a,43,chuxi,楚系文字,acs/a46a/a46a-chuxi_083.gif,
大,a46a,43,chuxi,楚系文字,acs/a46a/a46a-chuxi_084.gif,
大,a46a,43,chuxi,楚系文字,acs/a46a/a46a-chuxi_085.gif,
大,a46a,43,chuxi,楚系文字,acs/a46a/a46a-chuxi_086.gif,
大,a46a,43,chuxi,楚系文字,acs/a46a/a46a-chuxi_087.gif,
大,a46a,43,chuxi,楚系文字,acs/a46a/a46a-chuxi_088.gif,
大,a46a,43,chuxi,楚系文字,acs/a46a/a46a-chuxi_089.gif,
大,a46a,43,chuxi,楚系文字,acs/a46a/a46a-chuxi_090.gif,
大,a46a,43,chuxi,楚系文字,acs/a46a/a46a-chuxi_091.gif,
大,a46a,43,chuxi,楚系文字,acs/a46a/a46a-chuxi_092.gif,
大,a46a,43,chuxi,楚系文字,acs/a46a/a46a-chuxi_093.gif,
大,a46a,43,chuxi,楚系文字,acs/a46a/a46a-chuxi_094.gif,
大,a46a,43,chuxi,楚系文字,acs/a46a/a46a-chuxi_095.gif,
大,a46a,43,chuxi,楚系文字,acs/a46a/a46a-chuxi_096.gif,
大,a46a,43,chuxi,楚系文字,acs/a46a/a46a-chuxi_097.gif,
大,a46a,43,chuxi,楚系文字,acs/a46a/a46a-chuxi_098.gif,
大,a46a,43,chuxi,楚系文字,acs/a46a/a46a-chuxi_099.gif,
大,a46a,43,chuxi,楚系文字,acs/a46a/a46a-chuxi_100.gif,
大,a46a,43,chuxi,楚系文字,acs/a46a/a46a-chuxi_101.gif,
大,a46a,43,chuxi,楚系文字,acs/a46a/a46a-chuxi_102.gif,
大,a46a,43,chuxi,楚系文字,acs/a46a/a46a-chuxi_103.gif,
大,a46a,43,chuxi,楚系文字,acs/a46a/a46a-chuxi_104.gif,
大,a46a,43,chuxi,楚系文字,acs/a46a/a46a-chuxi_105.gif,
大,a46a,43,chuxi,楚系文字,acs/a46a/a46a-chuxi_106.gif,
大,a46a,43,chuxi,楚系文字,acs/a46a/a46a-chuxi_107.gif,
大,a46a,43,chuxi,楚系文字,acs/a46a/a46a-chuxi_108.gif,
大,a46a,43,chuxi,楚系文字,acs/a46a/a46a-chuxi_109.gif,
大,a46a,43,chuxi,楚系文字,acs/a46a/a46a-chuxi_110.gif,
大,a46a,43,chuxi,楚系文字,acs/a46a/a46a-chuxi_111.gif,
大,a46a,43,chuxi,楚系文字,acs/a46a/a46a-chuxi_112.gif,
大,a46a,43,chuxi,楚系文字,acs/a46a/a46a-chuxi_113.gif,
大,a46a,43,chuxi,楚系文字,acs/a46a/a46a-chuxi_114.gif,
大,a46a,43,chuxi,楚系文字,acs/a46a/a46a-chuxi_115.gif,
大,a46a,43,chuxi,楚系文字,acs/a46a/a46a-chuxi_116.gif,
大,a46a,43,chuxi,楚系文字,acs/a46a/a46a-chuxi_117.gif,
大,a46a,43,chuxi,楚系文字,acs/a46a/a46a-chuxi_118.gif,
大,a46a,43,chuxi,楚系文字,acs/a46a/a46a-chuxi_119.gif,
大,a46a,43,chuxi,楚系文字,acs/a46a/a46a-chuxi_120.gif,
大,a46a,43,chuxi,楚系文字,acs/a46a/a46a-chuxi_121.gif,
大,a46a,43,chuxi,楚系文字,acs/a46a/a46a-chuxi_122.gif,
大,a46a,43,chuxi,楚系文字,acs/a46a/a46a-chuxi_123.gif,
大,a46a,43,chuxi,楚系文字,acs/a46a/a46a-chuxi_124.gif,
大,a46a,43,chuxi,楚系文字,acs/a46a/a46a-chuxi_125.gif,
大,a46a,43,chuxi,楚系文字,acs/a46a/a46a-chuxi_126.gif,
大,a46a,43,chuxi,楚系文字,acs/a46a/a46a-chuxi_127.gif,
大,a46a,43,chuxi,楚系文字,acs/a46a/a46a-chuxi_128.gif,
大,a46a,43,chuxi,楚系文字,acs/a46a/a46a-chuxi_129.gif,
大,a46a,43,chuxi,楚系文字,acs/a46a/a46a-chuxi_130.gif,
大,a46a,43,chuxi,楚系文字,acs/a46a/a46a-chuxi_131.gif,
大,a46a,43,chuxi,楚系文字,acs/a46a/a46a-chuxi_132.gif,
大,a46a,43,chuxi,楚系文字,acs/a46a/a46a-chuxi_133.gif,
大,a46a,43,chuxi,楚系文字,acs/a46a/a46a-chuxi_134.gif,
大,a46a,43,chuxi,楚系文字,acs/a46a/a46a-chuxi_135.gif,
大,a46a,43,chuxi,楚系文字,acs/a46a/a46a-chuxi_136.gif,
大,a46a,43,chuxi,楚系文字,acs/a46a/a46a-chuxi_137.gif,
大,a46a,43,chuxi,楚系文字,acs/a46a/a46a-chuxi_138.gif,
大,a46a,43,chuxi,楚系文字,acs/a46a/a46a-chuxi_139.gif,
大,a46a,43,chuxi,楚系文字,acs/a46a/a46a-chuxi_140.gif,
大,a46a,43,chuxi,楚系文字,acs/a46a/a46a-chuxi_141.gif,
大,a46a,43,chuxi,楚系文字,acs/a46a/a46a-chuxi_142.gif,
大,a46a,43,chuxi,楚系文字,acs/a46a/a46a-chuxi_143.gif,
大,a46a,43,chuxi,楚系文字,acs/a46a/a46a-chuxi_144.gif,
大,a46a,43,chuxi,楚系文字,acs/a46a/a46a-chuxi_145.gif,
大,a46a,43,chuxi,楚系文字,acs/a46a/a46a-chuxi_146.gif,
大,a46a,43,chuxi,楚系文字,acs/a46a/a46a-chuxi_147.gif,
大,a46a,43,chuxi,楚系文字,acs/a46a/a46a-chuxi_148.gif,
大,a46a,43,chuxi,楚系文字,acs/a46a/a46a-chuxi_149.gif,
大,a46a,43,chuxi,楚系文字,acs/a46a/a46a-chuxi_150.gif,
大,a46a,43,chuxi,楚系文字,acs/a46a/a46a-chuxi_151.gif,
大,a46a,43,chuxi,楚系文字,acs/a46a/a46a-chuxi_152.gif,
大,a46a,43,chuxi,楚系文字,acs/a46a/a46a-chuxi_153.gif,
大,a46a,43,chuxi,楚系文字,acs/a46a/a46a-chuxi_154.gif,
大,a46a,43,chuxi,楚系文字,acs/a46a/a46a-chuxi_155.gif,
大,a46a,43,chuxi,楚系文字,acs/a46a/a46a-chuxi_156.gif,
大,a46a,43,chuxi,楚系文字,acs/a46a/a46a-chuxi_157.gif,
大,a46a,43,chuxi,楚系文字,acs/a46a/a46a-chuxi_158.gif,
大,a46a,43,chuxi,楚系文字,acs/a46a/a46a-chuxi_159.gif,
大,a46a,43,chuxi,楚系文字,acs/a46a/a46a-chuxi_160.gif,
大,a46a,43,chuxi,楚系文字,acs/a46a/a46a-chuxi_161.gif,
大,a46a,43,chuxi,楚系文字,acs/a46a/a46a-chuxi_162.gif,
大,a46a,43,chuxi,楚系文字,acs/a46a/a46a-chuxi_163.gif,
大,a46a,43,chuxi,楚系文字,acs/a46a/a46a-chuxi_164.gif,
大,a46a,43,chuxi,楚系文字,acs/a46a/a46a-chuxi_165.gif,
大,a46a,43,chuxi,楚系文字,acs/a46a/a46a-chuxi_166.gif,
大,a46a,43,chuxi,楚系文字,acs/a46a/a46a-chuxi_167.gif,
大,a46a,43,chuxi,楚系文字,acs/a46a/a46a-chuxi_168.gif,
大,a46a,43,chuxi,楚系文字,acs/a46a/a46a-chuxi_169.gif,
大,a46a,43,chuxi,楚系文字,acs/a46a/a46a-chuxi_170.gif,
大,a46a,43,chuxi,楚系文字,acs/a46a/a46a-chuxi_171.gif,
大,a46a,43,chuxi,楚系文字,acs/a46a/a46a-chuxi_172.gif,
大,a46a,43,chuxi,楚系文字,acs/a46a/a46a-chuxi_173.gif,
大,a46a,43,chuxi,楚系文字,acs/a46a/a46a-chuxi_174.gif,
大,a46a,43,chuxi,楚系文字,acs/a46a/a46a-chuxi_175.gif,
大,a46a,43,chuxi,楚系文字,acs/a46a/a46a-chuxi_176.gif,
大,a46a,43,chuxi,楚系文字,acs/a46a/a46a-chuxi_177.gif,
大,a46a,43,chuxi,楚系文字,acs/a46a/a46a-chuxi_178.gif,
大,a46a,43,chuxi,楚系文字,acs/a46a/a46a-chuxi_179.gif,
大,a46a,43,chuxi,楚系文字,acs/a46a/a46a-chuxi_180.gif,
大,a46a,43,chuxi,楚系文字,acs/a46a/a46a-chuxi_181.gif,
大,a46a,43,chuxi,楚系文字,acs/a46a/a46a-chuxi_182.gif,
大,a46a,43,chuxi,楚系文字,acs/a46a/a46a-chuxi_183.gif,
大,a46a,43,chuxi,楚系文字,acs/a46a/a46a-chuxi_184.gif,
大,a46a,43,chuxi,楚系文字,acs/a46a/a46a-chuxi_185.gif,
大,a46a,43,chuxi,楚系文字,acs/a46a/a46a-chuxi_186.gif,
大,a46a,43,chuxi,楚系文字,acs/a46a/a46a-chuxi_187.gif,
大,a46a,43,chuxi,楚系文字,acs/a46a/a46a-chuxi_188.gif,
大,a46a,43,chuxi,楚系文字,acs/a46a/a46a-chuxi_189.gif,
大,a46a,43,chuxi,楚系文字,acs/a46a/a46a-chuxi_190.gif,
大,a46a,43,chuxi,楚系文字,acs/a46a/a46a-chuxi_191.gif,
大,a46a,43,chuxi,楚系文字,acs/a46a/a46a-chuxi_192.gif,
大,a46a,43,chuxi,楚系文字,acs/a46a/a46a-chuxi_193.gif,
大,a46a,43,chuxi,楚系文字,acs/a46a/a46a-chuxi_194.gif,
大,a46a,43,chuxi,楚系文字,acs/a46a/a46a-chuxi_195.gif,
大,a46a,43,chuxi,楚系文字,acs/a46a/a46a-chuxi_196.gif,
大,a46a,43,chuxi,楚系文字,acs/a46a/a46a-chuxi_197.gif,
大,a46a,43,chuxi,楚系文字,acs/a46a/a46a-chuxi_198.gif,
大,a46a,43,chuxi,楚系文字,acs/a46a/a46a-chuxi_199.gif,
大,a46a,43,chuxi,楚系文字,acs/a46a/a46a-chuxi_200.gif,
大,a46a,43,chuxi,楚系文字,acs/a46a/a46a-chuxi_201.gif,
大,a46a,43,chuxi,楚系文字,acs/a46a/a46a-chuxi_202.gif,
大,a46a,43,chuxi,楚系文字,acs/a46a/a46a-chuxi_203.gif,
大,a46a,43,chuxi,楚系文字,acs/a46a/a46a-chuxi_204.gif,
大,a46a,43,chuxi,楚系文字,acs/a46a/a46a-chuxi_205.gif,
大,a46a,43,chuxi,楚系文字,acs/a46a/a46a-chuxi_206.gif,
大,a46a,43,chuxi,楚系文字,acs/a46a/a46a-chuxi_207.gif,
大,a46a,43,chuxi,楚系文字,acs/a46a/a46a-chuxi_208.gif,
大,a46a,43,chuxi,楚系文字,acs/a46a/a46a-chuxi_209.gif,
大,a46a,43,chuxi,楚系文字,acs/a46a/a46a-chuxi_210.gif,
大,a46a,43,chuxi,楚系文字,acs/a46a/a46a-chuxi_211.gif,
大,a46a,43,chuxi,楚系文字,acs/a46a/a46a-chuxi_212.gif,
大,a46a,43,chuxi,楚系文字,acs/a46a/a46a-chuxi_213.gif,
大,a46a,43,chuxi,楚系文字,acs/a46a/a46a-chuxi_214.gif,
大,a46a,43,chuxi,楚系文字,acs/a46a/a46a-chuxi_215.gif,
大,a46a,43,chuxi,楚系文字,acs/a46a/a46a-chuxi_216.gif,
大,a46a,43,chuxi,楚系文字,acs/a46a/a46a-chuxi_217.gif,
大,a46a,43,chuxi,楚系文字,acs/a46a/a46a-chuxi_218.gif,
大,a46a,43,chuxi,楚系文字,acs/a46a/a46a-chuxi_219.gif,
大,a46a,43,chuxi,楚系文字,acs/a46a/a46a-chuxi_220.gif,
大,a46a,43,chuxi,楚系文字,acs/a46a/a46a-chuxi_221.gif,
大,a46a,43,chuxi,楚系文字,acs/a46a/a46a-chuxi_222.gif,
大,a46a,43,chuxi,楚系文字,acs/a46a/a46a-chuxi_223.gif,
大,a46a,43,chuxi,楚系文字,acs/a46a/a46a-chuxi_224.gif,
大,a46a,43,chuxi,楚系文字,acs/a46a/a46a-chuxi_225.gif,
大,a46a,43,chuxi,楚系文字,acs/a46a/a46a-chuxi_226.gif,
大,a46a,43,chuxi,楚系文字,acs/a46a/a46a-chuxi_227.gif,
大,a46a,43,chuxi,楚系文字,acs/a46a/a46a-chuxi_228.gif,
大,a46a,43,chuxi,楚系文字,acs/a46a/a46a-chuxi_229.gif,
大,a46a,43,chuxi,楚系文字,acs/a46a/a46a-chuxi_230.gif,
大,a46a,43,chuxi,楚系文字,acs/a46a/a46a-chuxi_231.gif,
大,a46a,43,chuxi,楚系文字,acs/a46a/a46a-chuxi_232.gif,
大,a46a,43,chuxi,楚系文字,acs/a46a/a46a-chuxi_233.gif,
大,a46a,43,chuxi,楚系文字,acs/a46a/a46a-chuxi_234.gif,
二,a447,8,chuxi,楚系文字,acs/a447/a447-chuxi_000.gif,
二,a447,8,chuxi,楚系文字,acs/a447/a447-chuxi_001.gif,
二,a447,8,chuxi,楚系文字,acs/a447/a447-chuxi_002.gif,
二,a447,8,chuxi,楚系文字,acs/a447/a447-chuxi_003.gif,
二,a447,8,chuxi,楚系文字,acs/a447/a447-chuxi_004.gif,
二,a447,8,chuxi,楚系文字,acs/a447/a447-chuxi_005.gif,
二,a447,8,chuxi,楚系文字,acs/a447/a447-chuxi_006.gif,
二,a447,8,chuxi,楚系文字,acs/a447/a447-chuxi_007.gif,
二,a447,8,chuxi,楚系文字,acs/a447/a447-chuxi_008.gif,
二,a447,8,chuxi,楚系文字,acs/a447/a447-chuxi_009.gif,
二,a447,8,chuxi,楚系文字,acs/a447/a447-chuxi_010.gif,
二,a447,8,chuxi,楚系文字,acs/a447/a447-chuxi_011.gif,
二,a447,8,chuxi,楚系文字,acs/a447/a447-chuxi_012.gif,
二,a447,8,chuxi,楚系文字,acs/a447/a447-chuxi_013.gif,
二,a447,8,chuxi,楚系文字,acs/a447/a447-chuxi_014.gif,
二,a447,8,chuxi,楚系文字,acs/a447/a447-chuxi_015.gif,
二,a447,8,chuxi,楚系文字,acs/a447/a447-chuxi_016.gif,
二,a447,8,chuxi,楚系文字,acs/a447/a447-chuxi_017.gif,
二,a447,8,chuxi,楚系文字,acs/a447/a447-chuxi_018.gif,
二,a447,8,chuxi,楚系文字,acs/a447/a447-chuxi_019.gif,
二,a447,8,chuxi,楚系文字,acs/a447/a447-chuxi_020.gif,
二,a447,8,chuxi,楚系文字,acs/a447/a447-chuxi_021.gif,
二,a447,8,chuxi,楚系文字,acs/a447/a447-chuxi_022.gif,
二,a447,8,chuxi,楚系文字,acs/a447/a447-chuxi_023.gif,
二,a447,8,chuxi,楚系文字,acs/a447/a447-chuxi_024.gif,
二,a447,8,chuxi,楚系文字,acs/a447/a447-chuxi_025.gif,
二,a447,8,chuxi,楚系文字,acs/a447/a447-chuxi_026.gif,
二,a447,8,chuxi,楚系文字,acs/a447/a447-chuxi_027.gif,
二,a447,8,chuxi,楚系文字,acs/a447/a447-chuxi_028.gif,
二,a447,8,chuxi,楚系文字,acs/a447/a447-chuxi_029.gif,
二,a447,8,chuxi,楚系文字,acs/a447/a447-chuxi_030.gif,
二,a447,8,chuxi,楚系文字,acs/a447/a447-chuxi_031.gif,
二,a447,8,chuxi,楚系文字,acs/a447/a447-chuxi_032.gif,
二,a447,8,chuxi,楚系文字,acs/a447/a447-chuxi_033.gif,
二,a447,8,chuxi,楚系文字,acs/a447/a447-chuxi_034.gif,
二,a447,8,chuxi,楚系文字,acs/a447/a447-chuxi_035.gif,
二,a447,8,chuxi,楚系文字,acs/a447/a447-chuxi_036.gif,
二,a447,8,chuxi,楚系文字,acs/a447/a447-chuxi_037.gif,
二,a447,8,chuxi,楚系文字,acs/a447/a447-chuxi_038.gif,
二,a447,8,chuxi,楚系文字,acs/a447/a447-chuxi_039.gif,
二,a447,8,chuxi,楚系文字,acs/a447/a447-chuxi_040.gif,
二,a447,8,chuxi,楚系文字,acs/a447/a447-chuxi_041.gif,
二,a447,8,chuxi,楚系文字,acs/a447/a447-chuxi_042.gif,
二,a447,8,chuxi,楚系文字,acs/a447/a447-chuxi_043.gif,
二,a447,8,chuxi,楚系文字,acs/a447/a447-chuxi_044.gif,
二,a447,8,chuxi,楚系文字,acs/a447/a447-chuxi_045.gif,
二,a447,8,chuxi,楚系文字,acs/a447/a447-chuxi_046.gif,
二,a447,8,chuxi,楚系文字,acs/a447/a447-chuxi_047.gif,
二,a447,8,chuxi,楚系文字,acs/a447/a447-chuxi_048.gif,
二,a447,8,chuxi,楚系文字,acs/a447/a447-chuxi_049.gif,
二,a447,8,chuxi,楚系文字,acs/a447/a447-chuxi_050.gif,
二,a447,8,chuxi,楚系文字,acs/a447/a447-chuxi_051.gif,
二,a447,8,chuxi,楚系文字,acs/a447/a447-chuxi_052.gif,
二,a447,8,chuxi,楚系文字,acs/a447/a447-chuxi_053.gif,
二,a447,8,chuxi,楚系文字,acs/a447/a447-chuxi_054.gif,
二,a447,8,chuxi,楚系文字,acs/a447/a447-chuxi_055.gif,
二,a447,8,chuxi,楚系文字,acs/a447/a447-chuxi_056.gif,
二,a447,8,chuxi,楚系文字,acs/a447/a447-chuxi_057.gif,
二,a447,8,chuxi,楚系文字,acs/a447/a447-chuxi_058.gif,
二,a447,8,chuxi,楚系文字,acs/a447/a447-chuxi_059.gif,
二,a447,8,chuxi,楚系文字,acs/a447/a447-chuxi_060.gif,
二,a447,8,chuxi,楚系文字,acs/a447/a447-chuxi_061.gif,
二,a447,8,chuxi,楚系文字,acs/a447/a447-chuxi_062.gif,
二,a447,8,chuxi,楚系文字,acs/a447/a447-chuxi_063.gif,
二,a447,8,chuxi,楚系文字,acs/a447/a447-chuxi_064.gif,
二,a447,8,chuxi,楚系文字,acs/a447/a447-chuxi_065.gif,
二,a447,8,chuxi,楚系文字,acs/a447/a447-chuxi_066.gif,
二,a447,8,chuxi,楚系文字,acs/a447/a447-chuxi_067.gif,
二,a447,8,chuxi,楚系文字,acs/a447/a447-chuxi_068.gif,
二,a447,8,chuxi,楚系文字,acs/a447/a447-chuxi_069.gif,
二,a447,8,chuxi,楚系文字,acs/a447/a447-chuxi_070.gif,
二,a447,8,chuxi,楚系文字,acs/a447/a447-chuxi_071.gif,
二,a447,8,chuxi,楚系文字,acs/a447/a447-chuxi_072.gif,
二,a447,8,chuxi,楚系文字,acs/a447/a447-chuxi_073.gif,
二,a447,8,chuxi,楚系文字,acs/a447/a447-chuxi_074.gif,
二,a447,8,chuxi,楚系文字,acs/a447/a447-chuxi_075.gif,
二,a447,8,chuxi,楚系文字,acs/a447/a447-chuxi_076.gif,
二,a447,8,chuxi,楚系文字,acs/a447/a447-chuxi_077.gif,
二,a447,8,chuxi,楚系文字,acs/a447/a447-chuxi_078.gif,
二,a447,8,chuxi,楚系文字,acs/a447/a447-chuxi_079.gif,
二,a447,8,chuxi,楚系文字,acs/a447/a447-chuxi_080.gif,
二,a447,8,chuxi,楚系文字,acs/a447/a447-chuxi_081.gif,
二,a447,8,chuxi,楚系文字,acs/a447/a447-chuxi_082.gif,
二,a447,8,chuxi,楚系文字,acs/a447/a447-chuxi_083.gif,
二,a447,8,chuxi,楚系文字,acs/a447/a447-chuxi_084.gif,
二,a447,8,chuxi,楚系文字,acs/a447/a447-chuxi_085.gif,
二,a447,8,chuxi,楚系文字,acs/a447/a447-chuxi_086.gif,
二,a447,8,chuxi,楚系文字,acs/a447/a447-chuxi_087.gif,
二,a447,8,chuxi,楚系文字,acs/a447/a447-chuxi_088.gif,
二,a447,8,chuxi,楚系文字,acs/a447/a447-chuxi_089.gif,
二,a447,8,chuxi,楚系文字,acs/a447/a447-chuxi_090.gif,
二,a447,8,chuxi,楚系文字,acs/a447/a447-chuxi_091.gif,
二,a447,8,chuxi,楚系文字,acs/a447/a447-chuxi_092.gif,
二,a447,8,chuxi,楚系文字,acs/a447/a447-chuxi_093.gif,
二,a447,8,chuxi,楚系文字,acs/a447/a447-chuxi_094.gif,
二,a447,8,chuxi,楚系文字,acs/a447/a447-chuxi_095.gif,
二,a447,8,chuxi,楚系文字,acs/a447/a447-chuxi_096.gif,
二,a447,8,chuxi,楚系文字,acs/a447/a447-chuxi_097.gif,
二,a447,8,chuxi,楚系文字,acs/a447/a447-chuxi_098.gif,
二,a447,8,chuxi,楚系文字,acs/a447/a447-chuxi_099.gif,
二,a447,8,chuxi,楚系文字,acs/a447/a447-chuxi_100.gif,
二,a447,8,chuxi,楚系文字,acs/a447/a447-chuxi_101.gif,
二,a447,8,chuxi,楚系文字,acs/a447/a447-chuxi_102.gif,
二,a447,8,chuxi,楚系文字,acs/a447/a447-chuxi_103.gif,
二,a447,8,chuxi,楚系文字,acs/a447/a447-chuxi_104.gif,
二,a447,8,chuxi,楚系文字,acs/a447/a447-chuxi_105.gif,
二,a447,8,chuxi,楚系文字,acs/a447/a447-chuxi_106.gif,
二,a447,8,chuxi,楚系文字,acs/a447/a447-chuxi_107.gif,
二,a447,8,chuxi,楚系文字,acs/a447/a447-chuxi_108.gif,
二,a447,8,chuxi,楚系文字,acs/a447/a447-chuxi_109.gif,
二,a447,8,chuxi,楚系文字,acs/a447/a447-chuxi_110.gif,
二,a447,8,chuxi,楚系文字,acs/a447/a447-chuxi_111.gif,
二,a447,8,chuxi,楚系文字,acs/a447/a447-chuxi_112.gif,
二,a447,8,chuxi,楚系文字,acs/a447/a447-chuxi_113.gif,
二,a447,8,chuxi,楚系文字,acs/a447/a447-chuxi_114.gif,
二,a447,8,chuxi,楚系文字,acs/a447/a447-chuxi_115.gif,
二,a447,8,chuxi,楚系文字,acs/a447/a447-chuxi_116.gif,
二,a447,8,chuxi,楚系文字,acs/a447/a447-chuxi_117.gif,
二,a447,8,chuxi,楚系文字,acs/a447/a447-chuxi_118.gif,
二,a447,8,chuxi,楚系文字,acs/a447/a447-chuxi_119.gif,
二,a447,8,chuxi,楚系文字,acs/a447/a447-chuxi_120.gif,
二,a447,8,chuxi,楚系文字,acs/a447/a447-chuxi_121.gif,
二,a447,8,chuxi,楚系文字,acs/a447/a447-chuxi_122.gif,
二,a447,8,chuxi,楚系文字,acs/a447/a447-chuxi_123.gif,
二,a447,8,chuxi,楚系文字,acs/a447/a447-chuxi_124.gif,
二,a447,8,chuxi,楚系文字,acs/a447/a447-chuxi_125.gif,
二,a447,8,chuxi,楚系文字,acs/a447/a447-chuxi_126.gif,
二,a447,8,chuxi,楚系文字,acs/a447/a447-chuxi_127.gif,
二,a447,8,chuxi,楚系文字,acs/a447/a447-chuxi_128.gif,
二,a447,8,chuxi,楚系文字,acs/a447/a447-chuxi_129.gif,
二,a447,8,chuxi,楚系文字,acs/a447/a447-chuxi_130.gif,
二,a447,8,chuxi,楚系文字,acs/a447/a447-chuxi_131.gif,
二,a447,8,chuxi,楚系文字,acs/a447/a447-chuxi_132.gif,
二,a447,8,chuxi,楚系文字,acs/a447/a447-chuxi_133.gif,
二,a447,8,chuxi,楚系文字,acs/a447/a447-chuxi_134.gif,
二,a447,8,chuxi,楚系文字,acs/a447/a447-chuxi_135.gif,
二,a447,8,chuxi,楚系文字,acs/a447/a447-chuxi_136.gif,
二,a447,8,chuxi,楚系文字,acs/a447/a447-chuxi_137.gif,
二,a447,8,chuxi,楚系文字,acs/a447/a447-chuxi_138.gif,
二,a447,8,chuxi,楚系文字,acs/a447/a447-chuxi_139.gif,
二,a447,8,chuxi,楚系文字,acs/a447/a447-chuxi_140.gif,
二,a447,8,chuxi,楚系文字,acs/a447/a447-chuxi_141.gif,
二,a447,8,chuxi,楚系文字,acs/a447/a447-chuxi_142.gif,
二,a447,8,chuxi,楚系文字,acs/a447/a447-chuxi_143.gif,
二,a447,8,chuxi,楚系文字,acs/a447/a447-chuxi_144.gif,
二,a447,8,chuxi,楚系文字,acs/a447/a447-chuxi_145.gif,
二,a447,8,chuxi,楚系文字,acs/a447/a447-chuxi_146.gif,
二,a447,8,chuxi,楚系文字,acs/a447/a447-chuxi_147.gif,
二,a447,8,chuxi,楚系文字,acs/a447/a447-chuxi_148.gif,
二,a447,8,chuxi,楚系文字,acs/a447/a447-chuxi_149.gif,
二,a447,8,chuxi,楚系文字,acs/a447/a447-chuxi_150.gif,
二,a447,8,chuxi,楚系文字,acs/a447/a447-chuxi_151.gif,
二,a447,8,chuxi,楚系文字,acs/a447/a447-chuxi_152.gif,
二,a447,8,chuxi,楚系文字,acs/a447/a447-chuxi_153.gif,
二,a447,8,chuxi,楚系文字,acs/a447/a447-chuxi_154.gif,
二,a447,8,chuxi,楚系文字,acs/a447/a447-chuxi_155.gif,
二,a447,8,chuxi,楚系文字,acs/a447/a447-chuxi_156.gif,
二,a447,8,chuxi,楚系文字,acs/a447/a447-chuxi_157.gif,
二,a447,8,chuxi,楚系文字,acs/a447/a447-chuxi_158.gif,
二,a447,8,chuxi,楚系文字,acs/a447/a447-chuxi_159.gif,
二,a447,8,chuxi,楚系文字,acs/a447/a447-chuxi_160.gif,
二,a447,8,chuxi,楚系文字,acs/a447/a447-chuxi_161.gif,
二,a447,8,chuxi,楚系文字,acs/a447/a447-chuxi_162.gif,
二,a447,8,chuxi,楚系文字,acs/a447/a447-chuxi_163.gif,
二,a447,8,chuxi,楚系文字,acs/a447/a447-chuxi_164.gif,
二,a447,8,chuxi,楚系文字,acs/a447/a447-chuxi_165.gif,
二,a447,8,chuxi,楚系文字,acs/a447/a447-chuxi_166.gif,
二,a447,8,chuxi,楚系文字,acs/a447/a447-chuxi_167.gif,
二,a447,8,chuxi,楚系文字,acs/a447/a447-chuxi_168.gif,
二,a447,8,chuxi,楚系文字,acs/a447/a447-chuxi_169.gif,
二,a447,8,chuxi,楚系文字,acs/a447/a447-chuxi_170.gif,
二,a447,8,chuxi,楚系文字,acs/a447/a447-chuxi_171.gif,
二,a447,8,chuxi,楚系文字,acs/a447/a447-chuxi_172.gif,
二,a447,8,chuxi,楚系文字,acs/a447/a447-chuxi_173.gif,
二,a447,8,chuxi,楚系文字,acs/a447/a447-chuxi_174.gif,
二,a447,8,chuxi,楚系文字,acs/a447/a447-chuxi_175.gif,
二,a447,8,chuxi,楚系文字,acs/a447/a447-chuxi_176.gif,
二,a447,8,chuxi,楚系文字,acs/a447/a447-chuxi_177.gif,
二,a447,8,chuxi,楚系文字,acs/a447/a447-chuxi_178.gif,
二,a447,8,chuxi,楚系文字,acs/a447/a447-chuxi_179.gif,
二,a447,8,chuxi,楚系文字,acs/a447/a447-chuxi_180.gif,
二,a447,8,chuxi,楚系文字,acs/a447/a447-chuxi_181.gif,
二,a447,8,chuxi,楚系文字,acs/a447/a447-chuxi_182.gif,
二,a447,8,chuxi,楚系文字,acs/a447/a447-chuxi_183.gif,
二,a447,8,chuxi,楚系文字,acs/a447/a447-chuxi_184.gif,
二,a447,8,chuxi,楚系文字,acs/a447/a447-chuxi_185.gif,
二,a447,8,chuxi,楚系文字,acs/a447/a447-chuxi_186.gif,
二,a447,8,chuxi,楚系文字,acs/a447/a447-chuxi_187.gif,
二,a447,8,chuxi,楚系文字,acs/a447/a447-chuxi_188.gif,
二,a447,8,chuxi,楚系文字,acs/a447/a447-chuxi_189.gif,
二,a447,8,chuxi,楚系文字,acs/a447/a447-chuxi_190.gif,
二,a447,8,chuxi,楚系文字,acs/a447/a447-chuxi_191.gif,
二,a447,8,chuxi,楚系文字,acs/a447/a447-chuxi_192.gif,
二,a447,8,chuxi,楚系文字,acs/a447/a447-chuxi_193.gif,
二,a447,8,chuxi,楚系文字,acs/a447/a447-chuxi_194.gif,
二,a447,8,chuxi,楚系文字,acs/a447/a447-chuxi_195.gif,
二,a447,8,chuxi,楚系文字,acs/a447/a447-chuxi_196.gif,
二,a447,8,chuxi,楚系文字,acs/a447/a447-chuxi_197.gif,
二,a447,8,chuxi,楚系文字,acs/a447/a447-chuxi_198.gif,
二,a447,8,chuxi,楚系文字,acs/a447/a447-chuxi_199.gif,
二,a447,8,chuxi,楚系文字,acs/a447/a447-chuxi_200.gif,
二,a447,8,chuxi,楚系文字,acs/a447/a447-chuxi_201.gif,
二,a447,8,chuxi,楚系文字,acs/a447/a447-chuxi_202.gif,
二,a447,8,chuxi,楚系文字,acs/a447/a447-chuxi_203.gif,
二,a447,8,chuxi,楚系文字,acs/a447/a447-chuxi_204.gif,
二,a447,8,chuxi,楚系文字,acs/a447/a447-chuxi_205.gif,
二,a447,8,chuxi,楚系文字,acs/a447/a447-chuxi_206.gif,
二,a447,8,chuxi,楚系文字,acs/a447/a447-chuxi_207.gif,
二,a447,8,chuxi,楚系文字,acs/a447/a447-chuxi_208.gif,
二,a447,8,chuxi,楚系文字,acs/a447/a447-chuxi_209.gif,
二,a447,8,chuxi,楚系文字,acs/a447/a447-chuxi_210.gif,
二,a447,8,chuxi,楚系文字,acs/a447/a447-chuxi_211.gif,
二,a447,8,chuxi,楚系文字,acs/a447/a447-chuxi_212.gif,
二,a447,8,chuxi,楚系文字,acs/a447/a447-chuxi_213.gif,
二,a447,8,chuxi,楚系文字,acs/a447/a447-chuxi_214.gif,
二,a447,8,chuxi,楚系文字,acs/a447/a447-chuxi_215.gif,
二,a447,8,chuxi,楚系文字,acs/a447/a447-chuxi_216.gif,
二,a447,8,chuxi,楚系文字,acs/a447/a447-chuxi_217.gif,
二,a447,8,chuxi,楚系文字,acs/a447/a447-chuxi_218.gif,
二,a447,8,chuxi,楚系文字,acs/a447/a447-chuxi_219.gif,
